pid,name,team,opp,pos,game,start,opp_goalie,opp_gsv,sog_pg,sh_pct,pp_share,goals_l5,toi,p_goal,fair_goal,p_sog2,p_sog3,p_sog4
8478402,C. McDavid,EDM,SJS,F,EDM@SJS,2026-10-10T20:00:00Z,A. Nedeljkovic,0.899,4.15,0.143,0.17,3,22.9,0.545,-120,0.85,0.668,0.457
8481559,J. Hughes,NJD,VAN,F,VAN@NJD,2026-10-10T19:30:00Z,K. Lankinen,0.884,4.4,0.114,0.27,1,22.1,0.533,-114,0.869,0.7,0.492
8479542,B. Hagel,TBL,NYI,F,TBL@NYI,2026-10-10T23:30:00Z,I. Sorokin,0.898,4.6,0.103,0.24,2,21.2,0.51,-104,0.883,0.724,0.52
8477492,N. MacKinnon,COL,TOR,F,TOR@COL,2026-10-10T23:00:00Z,S. Bobrovsky,0.896,3.73,0.122,0.27,2,21.6,0.47,+113,0.811,0.609,0.396
8480027,J. Robertson,DAL,PIT,F,DAL@PIT,2026-10-10T23:00:00Z,S. Skinner,0.902,3.93,0.119,0.16,3,20.4,0.447,+124,0.83,0.638,0.425
8479420,T. Thompson,BUF,UTA,F,UTA@BUF,2026-10-10T23:00:00Z,K. Vejmelka,0.891,4.0,0.105,0.13,4,19.7,0.431,+132,0.836,0.647,0.435
8484801,M. Celebrini,SJS,EDM,F,EDM@SJS,2026-10-10T20:00:00Z,C. Ingram,0.912,3.53,0.131,0.14,3,21.0,0.429,+133,0.79,0.578,0.367
8481540,C. Caufield,MTL,DET,F,DET@MTL,2026-10-10T23:00:00Z,J. Gibson,0.885,3.75,0.125,0.19,2,18.8,0.421,+138,0.813,0.611,0.399
8477951,N. Schmaltz,UTA,BUF,F,UTA@BUF,2026-10-10T23:00:00Z,C. Ellis,0.911,3.4,0.139,0.22,4,19.6,0.413,+142,0.775,0.557,0.347
8480039,M. Necas,COL,TOR,F,TOR@COL,2026-10-10T23:00:00Z,S. Bobrovsky,0.896,2.93,0.125,0.3,2,21.2,0.402,+149,0.714,0.479,0.278
8479337,A. DeBrincat,DET,MTL,F,DET@MTL,2026-10-10T23:00:00Z,J. Dobes,0.907,3.47,0.118,0.3,3,19.4,0.4,+150,0.782,0.568,0.357
8477404,J. Guentzel,TBL,NYI,F,TBL@NYI,2026-10-10T23:30:00Z,I. Sorokin,0.898,3.07,0.123,0.26,2,20.9,0.399,+151,0.733,0.502,0.297
8477946,D. Larkin,DET,MTL,F,DET@MTL,2026-10-10T23:00:00Z,J. Dobes,0.907,3.31,0.119,0.29,4,19.7,0.396,+152,0.764,0.542,0.333
8483445,C. Gauthier,ANA,CGY,F,ANA@CGY,2026-10-11T02:00:00Z,D. Wolf,0.899,4.0,0.121,0.16,3,17.1,0.395,+153,0.836,0.647,0.435
8478403,J. Eichel,VGK,LAK,F,LAK@VGK,2026-10-11T02:00:00Z,A. Forsberg,0.914,3.29,0.103,0.28,3,21.1,0.392,+155,0.761,0.539,0.33
8478864,K. Kaprizov,MIN,FLA,F,MIN@FLA,2026-10-10T22:00:00Z,D. Tarasov,0.9,2.75,0.143,0.19,4,20.7,0.39,+156,0.687,0.447,0.251
8477500,B. Horvat,NYI,TBL,F,TBL@NYI,2026-10-10T23:30:00Z,A. Vasilevskiy,0.905,3.29,0.11,0.21,5,20.3,0.39,+157,0.761,0.539,0.33
8478498,J. DeBrusk,VAN,NJD,F,VAN@NJD,2026-10-10T19:30:00Z,J. Allen,0.894,3.43,0.142,0.23,6,16.9,0.388,+158,0.778,0.562,0.351
8477960,A. Kempe,LAK,VGK,F,LAK@VGK,2026-10-11T02:00:00Z,C. Hart,0.914,3.07,0.147,0.18,3,19.6,0.385,+160,0.733,0.503,0.298
8477939,W. Nylander,TOR,COL,F,TOR@COL,2026-10-10T23:00:00Z,S. Wedgewood,0.921,3.07,0.119,0.21,3,21.3,0.384,+161,0.733,0.503,0.298
8482124,Q. Byfield,LAK,VGK,F,LAK@VGK,2026-10-11T02:00:00Z,C. Hart,0.914,2.79,0.144,0.19,5,20.5,0.383,+161,0.692,0.453,0.256
8478414,T. Meier,NJD,VAN,F,VAN@NJD,2026-10-10T19:30:00Z,K. Lankinen,0.884,3.67,0.097,0.22,0,18.4,0.373,+168,0.804,0.599,0.386
8474564,S. Stamkos,NSH,OTT,F,NSH@OTT,2026-10-10T23:00:00Z,L. Ullmark,0.914,3.13,0.143,0.14,5,18.5,0.368,+171,0.742,0.513,0.307
8481557,M. Boldy,MIN,FLA,F,MIN@FLA,2026-10-10T22:00:00Z,D. Tarasov,0.9,3.58,0.098,0.19,0,19.0,0.363,+176,0.795,0.586,0.374
8476483,R. Rakell,PIT,DAL,F,DAL@PIT,2026-10-10T23:00:00Z,J. Oettinger,0.902,3.07,0.137,0.16,0,19.1,0.363,+176,0.733,0.502,0.297
8480018,N. Suzuki,MTL,DET,F,DET@MTL,2026-10-10T23:00:00Z,J. Gibson,0.885,2.38,0.13,0.19,4,21.0,0.361,+177,0.625,0.377,0.196
8475913,M. Stone,VGK,LAK,F,LAK@VGK,2026-10-11T02:00:00Z,A. Forsberg,0.914,2.71,0.138,0.25,3,19.6,0.355,+182,0.681,0.44,0.245
8478427,S. Aho,CAR,CHI,F,CAR@CHI,2026-10-10T23:00:00Z,S. Knight,0.887,3.0,0.11,0.24,4,18.8,0.353,+183,0.724,0.491,0.288
8480830,A. Svechnikov,CAR,CHI,F,CAR@CHI,2026-10-10T23:00:00Z,S. Knight,0.887,2.92,0.141,0.27,5,16.6,0.347,+188,0.712,0.476,0.275
8477956,D. Pastrnak,BOS,PHI,F,PHI@BOS,2026-10-10T17:00:00Z,D. Vladar,0.902,3.07,0.089,0.2,2,20.4,0.344,+191,0.733,0.502,0.297
8483512,M. Savoie,EDM,SJS,F,EDM@SJS,2026-10-10T20:00:00Z,A. Nedeljkovic,0.899,3.09,0.127,0.07,3,18.3,0.342,+192,0.736,0.506,0.301
8478483,M. Marner,VGK,LAK,F,LAK@VGK,2026-10-11T02:00:00Z,A. Forsberg,0.914,2.71,0.116,0.27,2,20.2,0.34,+194,0.681,0.44,0.245
8482077,D. Holloway,STL,CBJ,F,CBJ@STL,2026-10-10T23:00:00Z,J. Greaves,0.901,3.12,0.113,0.16,2,18.6,0.339,+195,0.74,0.512,0.306
8484153,L. Carlsson,ANA,CGY,F,ANA@CGY,2026-10-11T02:00:00Z,D. Wolf,0.899,2.93,0.104,0.22,0,19.3,0.329,+204,0.714,0.479,0.278
8482155,A. Laferriere,LAK,VGK,F,LAK@VGK,2026-10-11T02:00:00Z,C. Hart,0.914,2.93,0.099,0.08,3,20.3,0.325,+207,0.713,0.478,0.277
8482699,D. Guenther,UTA,BUF,F,UTA@BUF,2026-10-10T23:00:00Z,C. Ellis,0.911,2.93,0.121,0.24,1,18.2,0.324,+209,0.713,0.478,0.277
8476453,N. Kucherov,TBL,NYI,F,TBL@NYI,2026-10-10T23:30:00Z,I. Sorokin,0.898,2.5,0.104,0.25,1,20.6,0.324,+208,0.647,0.401,0.214
8475798,M. Granlund,ANA,CGY,F,ANA@CGY,2026-10-11T02:00:00Z,D. Wolf,0.899,2.2,0.128,0.2,2,20.5,0.321,+211,0.593,0.344,0.171
8480002,N. Hischier,NJD,VAN,F,VAN@NJD,2026-10-10T19:30:00Z,K. Lankinen,0.884,2.33,0.104,0.25,2,20.4,0.32,+212,0.617,0.369,0.19
8484144,C. Bedard,CHI,CAR,F,CAR@CHI,2026-10-10T23:00:00Z,B. Bussi,0.895,3.17,0.08,0.0,0,20.3,0.319,+214,0.746,0.519,0.312
8482097,J. Quinn,BUF,UTA,F,UTA@BUF,2026-10-10T23:00:00Z,K. Vejmelka,0.891,3.36,0.095,0.13,1,17.3,0.316,+216,0.77,0.55,0.341
8482702,L. Stankoven,CAR,CHI,F,CAR@CHI,2026-10-10T23:00:00Z,S. Knight,0.887,2.86,0.143,0.05,3,16.5,0.316,+216,0.703,0.466,0.266
8477409,C. Verhaeghe,FLA,MIN,F,MIN@FLA,2026-10-10T22:00:00Z,J. Wallstedt,0.916,2.67,0.121,0.16,3,19.1,0.314,+218,0.674,0.432,0.238
8478550,A. Panarin,LAK,VGK,F,LAK@VGK,2026-10-11T02:00:00Z,C. Hart,0.914,2.5,0.104,0.23,1,20.7,0.314,+219,0.647,0.401,0.214
8471215,E. Malkin,PIT,DAL,F,DAL@PIT,2026-10-10T23:00:00Z,J. Oettinger,0.902,2.8,0.125,0.11,2,18.0,0.311,+222,0.695,0.456,0.258
8476399,B. Coleman,MIN,FLA,F,MIN@FLA,2026-10-10T22:00:00Z,D. Tarasov,0.9,3.0,0.106,0.1,2,18.1,0.308,+224,0.724,0.491,0.288
8478444,B. Boeser,VAN,NJD,F,VAN@NJD,2026-10-10T19:30:00Z,J. Allen,0.894,2.06,0.12,0.38,0,19.4,0.301,+232,0.566,0.317,0.152
8483515,J. Slafkovský,MTL,DET,F,DET@MTL,2026-10-10T23:00:00Z,J. Gibson,0.885,2.31,0.102,0.22,1,19.8,0.301,+232,0.614,0.365,0.187
8476887,F. Forsberg,NSH,OTT,F,NSH@OTT,2026-10-10T23:00:00Z,L. Ullmark,0.914,2.33,0.133,0.13,2,19.3,0.301,+232,0.617,0.369,0.19
8477935,S. Bennett,FLA,MIN,F,MIN@FLA,2026-10-10T22:00:00Z,J. Wallstedt,0.916,2.9,0.085,0.29,0,19.1,0.3,+233,0.709,0.473,0.273
8479343,C. Keller,UTA,BUF,F,UTA@BUF,2026-10-10T23:00:00Z,C. Ellis,0.911,2.47,0.109,0.22,1,19.5,0.299,+235,0.641,0.395,0.209
8482116,T. Stützle,OTT,NSH,F,NSH@OTT,2026-10-10T23:00:00Z,J. Saros,0.9,2.21,0.115,0.18,3,19.8,0.298,+236,0.595,0.346,0.173
8479314,M. Tkachuk,FLA,MIN,F,MIN@FLA,2026-10-10T22:00:00Z,J. Wallstedt,0.916,2.27,0.12,0.33,1,19.2,0.297,+237,0.606,0.358,0.182
8482740,W. Johnston,DAL,PIT,F,DAL@PIT,2026-10-10T23:00:00Z,S. Skinner,0.902,2.07,0.13,0.14,1,19.9,0.294,+240,0.566,0.318,0.153
8483516,J. Snuggerud,STL,CBJ,F,CBJ@STL,2026-10-10T23:00:00Z,J. Greaves,0.901,2.75,0.111,0.15,2,17.7,0.294,+240,0.687,0.447,0.251
8480023,R. Thomas,STL,CBJ,F,CBJ@STL,2026-10-10T23:00:00Z,J. Greaves,0.901,1.8,0.15,0.14,3,19.0,0.286,+249,0.51,0.265,0.118
8482159,T. Foerster,PHI,BOS,F,PHI@BOS,2026-10-10T17:00:00Z,J. Swayman,0.906,2.73,0.108,0.25,1,17.2,0.285,+251,0.683,0.443,0.247
8478042,V. Arvidsson,DET,MTL,F,DET@MTL,2026-10-10T23:00:00Z,J. Dobes,0.907,2.5,0.141,0.29,4,15.5,0.284,+252,0.647,0.401,0.214
8480893,K. Marchenko,TOR,COL,F,TOR@COL,2026-10-10T23:00:00Z,S. Wedgewood,0.921,2.53,0.094,0.22,1,19.5,0.282,+255,0.652,0.407,0.219
8482078,L. Raymond,DET,MTL,F,DET@MTL,2026-10-10T23:00:00Z,J. Dobes,0.907,2.4,0.096,0.31,0,19.1,0.281,+256,0.629,0.382,0.2
8485391,A. Frondell,CHI,CAR,F,CAR@CHI,2026-10-10T23:00:00Z,B. Bussi,0.895,2.73,0.099,0.11,1,17.8,0.28,+257,0.684,0.444,0.248
8478493,J. Eriksson Ek,MIN,FLA,F,MIN@FLA,2026-10-10T22:00:00Z,D. Tarasov,0.9,2.64,0.093,0.23,1,18.0,0.279,+259,0.669,0.426,0.234
8480801,B. Tkachuk,FLA,MIN,F,MIN@FLA,2026-10-10T22:00:00Z,J. Wallstedt,0.916,2.92,0.096,0.37,0,16.5,0.278,+260,0.712,0.476,0.275
8479407,J. Bratt,NJD,VAN,F,VAN@NJD,2026-10-10T19:30:00Z,K. Lankinen,0.884,1.93,0.116,0.28,2,18.4,0.274,+265,0.539,0.291,0.135
8475166,J. Tavares,TOR,COL,F,TOR@COL,2026-10-10T23:00:00Z,S. Wedgewood,0.921,2.0,0.133,0.23,2,18.8,0.274,+265,0.553,0.305,0.144
8479675,T. Moore,LAK,VGK,F,LAK@VGK,2026-10-11T02:00:00Z,C. Hart,0.914,2.86,0.1,0.0,1,18.1,0.273,+267,0.703,0.466,0.266
8481528,D. Cozens,OTT,NSH,F,NSH@OTT,2026-10-10T23:00:00Z,J. Saros,0.9,2.69,0.098,0.2,1,17.3,0.272,+267,0.677,0.435,0.241
8478010,B. Point,TBL,NYI,F,TBL@NYI,2026-10-10T23:30:00Z,I. Sorokin,0.898,2.27,0.097,0.25,1,18.7,0.271,+269,0.605,0.357,0.181
8477015,C. Brown,NJD,VAN,F,VAN@NJD,2026-10-10T19:30:00Z,K. Lankinen,0.884,1.85,0.121,0.06,1,19.7,0.27,+271,0.52,0.274,0.124
8482146,L. Evangelista,NJD,VAN,F,VAN@NJD,2026-10-10T19:30:00Z,K. Lankinen,0.884,2.43,0.112,0.28,4,15.7,0.269,+272,0.634,0.387,0.204
8484166,A. Fantilli,CBJ,STL,F,CBJ@STL,2026-10-10T23:00:00Z,J. Hofer,0.908,2.21,0.099,0.13,1,19.8,0.269,+271,0.595,0.346,0.173
8484762,B. Sennecke,ANA,CGY,F,ANA@CGY,2026-10-11T02:00:00Z,D. Wolf,0.899,2.53,0.101,0.21,2,17.3,0.269,+271,0.652,0.407,0.219
8477940,N. Ehlers,CAR,CHI,F,CAR@CHI,2026-10-10T23:00:00Z,S. Knight,0.887,2.53,0.109,0.24,2,16.0,0.266,+276,0.652,0.407,0.219
8475810,B. Rust,PIT,DAL,F,DAL@PIT,2026-10-10T23:00:00Z,J. Oettinger,0.902,2.0,0.123,0.0,4,19.0,0.264,+279,0.553,0.305,0.144
8482110,D. Mercer,NJD,VAN,F,VAN@NJD,2026-10-10T19:30:00Z,K. Lankinen,0.884,2.2,0.113,0.04,2,18.0,0.262,+281,0.593,0.344,0.171
8480015,O. Tippett,PHI,BOS,F,PHI@BOS,2026-10-10T17:00:00Z,J. Swayman,0.906,2.67,0.107,0.1,1,16.8,0.26,+284,0.674,0.432,0.238
8485406,P. Martone,PHI,BOS,F,PHI@BOS,2026-10-10T17:00:00Z,J. Swayman,0.906,2.75,0.105,0.13,1,16.0,0.254,+294,0.687,0.447,0.251
8483493,F. Nazar,CHI,CAR,F,CAR@CHI,2026-10-10T23:00:00Z,B. Bussi,0.895,2.13,0.121,0.05,2,17.6,0.254,+293,0.58,0.331,0.162
8476454,R. Nugent-Hopkins,EDM,SJS,F,EDM@SJS,2026-10-10T20:00:00Z,A. Nedeljkovic,0.899,2.27,0.096,0.04,2,18.7,0.253,+295,0.606,0.358,0.182
8478420,M. Rantanen,DAL,PIT,F,DAL@PIT,2026-10-10T23:00:00Z,S. Skinner,0.902,1.62,0.116,0.17,2,19.8,0.253,+295,0.468,0.228,0.095
8474150,M. Backlund,CGY,ANA,F,ANA@CGY,2026-10-11T02:00:00Z,L. Dostal,0.885,2.33,0.089,0.0,1,18.4,0.25,+300,0.617,0.369,0.19
8482809,J. Blake,CAR,CHI,F,CAR@CHI,2026-10-10T23:00:00Z,S. Knight,0.887,2.36,0.09,0.3,0,16.7,0.249,+302,0.622,0.374,0.194
8471675,S. Crosby,PIT,DAL,F,DAL@PIT,2026-10-10T23:00:00Z,J. Oettinger,0.902,2.54,0.083,0.15,0,17.7,0.248,+304,0.653,0.408,0.22
8484145,Z. Benson,BUF,UTA,F,UTA@BUF,2026-10-10T23:00:00Z,K. Vejmelka,0.891,2.36,0.105,0.13,1,16.6,0.247,+305,0.622,0.374,0.194
8477511,A. Mantha,NJD,VAN,F,VAN@NJD,2026-10-10T19:30:00Z,K. Lankinen,0.884,1.85,0.137,0.21,2,15.9,0.245,+309,0.52,0.274,0.124
8480208,D. Batherson,OTT,NSH,F,NSH@OTT,2026-10-10T23:00:00Z,J. Saros,0.9,1.81,0.14,0.21,3,16.4,0.245,+308,0.513,0.267,0.119
8479987,M. Geekie,BOS,PHI,F,PHI@BOS,2026-10-10T17:00:00Z,D. Vladar,0.902,1.87,0.125,0.19,2,17.4,0.244,+309,0.525,0.278,0.126
8481617,V. Podkolzin,EDM,SJS,F,EDM@SJS,2026-10-10T20:00:00Z,A. Nedeljkovic,0.899,2.08,0.11,0.21,1,17.2,0.244,+311,0.569,0.32,0.154
8474141,P. Kane,CHI,CAR,F,CAR@CHI,2026-10-10T23:00:00Z,B. Bussi,0.895,1.87,0.109,0.11,0,18.8,0.244,+310,0.525,0.278,0.126
8480028,M. Frost,CGY,ANA,F,ANA@CGY,2026-10-11T02:00:00Z,L. Dostal,0.885,1.87,0.125,0.13,2,16.7,0.241,+316,0.525,0.278,0.126
8484984,I. Demidov,MTL,DET,F,DET@MTL,2026-10-10T23:00:00Z,J. Gibson,0.885,1.86,0.127,0.18,2,16.3,0.24,+317,0.523,0.276,0.125
8484227,W. Smith,SJS,EDM,F,EDM@SJS,2026-10-10T20:00:00Z,C. Ingram,0.912,2.06,0.111,0.13,1,17.9,0.239,+318,0.565,0.316,0.152
8483431,L. Cooley,UTA,BUF,F,UTA@BUF,2026-10-10T23:00:00Z,C. Ellis,0.911,1.53,0.138,0.22,0,18.0,0.238,+321,0.448,0.212,0.085
8481596,S. Pinto,OTT,NSH,F,NSH@OTT,2026-10-10T23:00:00Z,J. Saros,0.9,1.81,0.109,0.12,0,18.8,0.238,+320,0.513,0.267,0.119
8475158,R. O'Reilly,NSH,OTT,F,NSH@OTT,2026-10-10T23:00:00Z,L. Ullmark,0.914,1.47,0.098,0.11,1,21.2,0.236,+323,0.432,0.198,0.078
8475745,C. Coyle,CBJ,STL,F,CBJ@STL,2026-10-10T23:00:00Z,J. Hofer,0.908,1.71,0.105,0.15,2,19.1,0.236,+324,0.491,0.248,0.107
8475170,B. Schenn,NYI,TBL,F,TBL@NYI,2026-10-10T23:30:00Z,A. Vasilevskiy,0.905,1.79,0.12,0.24,1,17.4,0.236,+324,0.507,0.262,0.116
8482679,M. Coronato,CGY,ANA,F,ANA@CGY,2026-10-11T02:00:00Z,L. Dostal,0.885,2.0,0.102,0.12,2,17.2,0.235,+326,0.553,0.305,0.144
8480797,J. Farabee,CGY,ANA,F,ANA@CGY,2026-10-11T02:00:00Z,L. Dostal,0.885,1.93,0.109,0.14,1,17.2,0.235,+325,0.539,0.291,0.135
8475172,N. Kadri,COL,TOR,F,TOR@COL,2026-10-10T23:00:00Z,S. Bobrovsky,0.896,2.45,0.094,0.16,0,16.0,0.233,+329,0.639,0.392,0.208
8477479,T. Bertuzzi,CHI,CAR,F,CAR@CHI,2026-10-10T23:00:00Z,B. Bussi,0.895,1.47,0.123,0.13,1,18.6,0.232,+331,0.432,0.198,0.078
8484387,M. Michkov,PHI,BOS,F,PHI@BOS,2026-10-10T17:00:00Z,J. Swayman,0.906,2.06,0.12,0.31,4,14.9,0.231,+332,0.566,0.317,0.152
8482475,E. Chinakhov,PIT,DAL,F,DAL@PIT,2026-10-10T23:00:00Z,J. Oettinger,0.902,2.2,0.113,0.12,0,16.4,0.231,+332,0.593,0.344,0.171
8476455,G. Landeskog,COL,TOR,F,TOR@COL,2026-10-10T23:00:00Z,S. Bobrovsky,0.896,2.0,0.108,0.35,1,15.8,0.231,+334,0.553,0.305,0.144
8481533,T. Zegras,PHI,BOS,F,PHI@BOS,2026-10-10T17:00:00Z,J. Swayman,0.906,1.6,0.113,0.24,1,18.2,0.23,+336,0.464,0.225,0.093
8480012,E. Pettersson,VAN,NJD,F,VAN@NJD,2026-10-10T19:30:00Z,J. Allen,0.894,1.81,0.078,0.23,0,19.2,0.229,+337,0.513,0.267,0.119
8482145,M. Bourque,NSH,OTT,F,NSH@OTT,2026-10-10T23:00:00Z,L. Ullmark,0.914,1.73,0.135,0.04,4,17.2,0.229,+338,0.495,0.252,0.109
8475791,T. Hall,CAR,CHI,F,CAR@CHI,2026-10-10T23:00:00Z,S. Knight,0.887,2.08,0.118,0.08,3,15.6,0.229,+337,0.569,0.32,0.154
8481580,C. McMichael,STL,CBJ,F,CBJ@STL,2026-10-10T23:00:00Z,J. Greaves,0.901,1.71,0.129,0.1,4,16.7,0.228,+339,0.491,0.248,0.107
8478439,T. Konecny,PHI,BOS,F,PHI@BOS,2026-10-10T17:00:00Z,J. Swayman,0.906,1.93,0.093,0.24,0,17.8,0.225,+345,0.539,0.291,0.135
8477451,R. Hartman,MIN,FLA,F,MIN@FLA,2026-10-10T22:00:00Z,D. Tarasov,0.9,1.92,0.138,0.09,1,15.6,0.225,+345,0.536,0.288,0.133
8476881,T. Hertl,VGK,LAK,F,LAK@VGK,2026-10-11T02:00:00Z,A. Forsberg,0.914,2.43,0.09,0.32,2,15.3,0.225,+345,0.634,0.387,0.204
8478474,L. Crouse,UTA,BUF,F,UTA@BUF,2026-10-10T23:00:00Z,C. Ellis,0.911,2.13,0.121,0.0,2,16.4,0.224,+347,0.58,0.331,0.162
8478458,J. Roslovic,TOR,COL,F,TOR@COL,2026-10-10T23:00:00Z,S. Wedgewood,0.921,2.21,0.122,0.09,2,15.7,0.222,+349,0.595,0.346,0.173
8478519,A. Cirelli,TBL,NYI,F,TBL@NYI,2026-10-10T23:30:00Z,I. Sorokin,0.898,1.54,0.125,0.05,1,17.9,0.221,+352,0.449,0.213,0.086
8477496,E. Lindholm,BOS,PHI,F,PHI@BOS,2026-10-10T17:00:00Z,D. Vladar,0.902,1.6,0.113,0.18,0,17.6,0.216,+362,0.464,0.225,0.093
8478401,P. Zacha,BOS,PHI,F,PHI@BOS,2026-10-10T17:00:00Z,D. Vladar,0.902,1.57,0.139,0.17,0,16.2,0.216,+364,0.457,0.219,0.09
8477505,A. Wennberg,SJS,EDM,F,EDM@SJS,2026-10-10T20:00:00Z,C. Ingram,0.912,1.06,0.128,0.15,0,19.5,0.215,+366,0.322,0.12,0.038
8482720,M. Knies,CBJ,STL,F,CBJ@STL,2026-10-10T23:00:00Z,J. Hofer,0.908,1.38,0.127,0.16,0,18.0,0.215,+365,0.411,0.182,0.069
8478975,M. Marchment,SJS,EDM,F,EDM@SJS,2026-10-10T20:00:00Z,C. Ingram,0.912,1.93,0.102,0.1,1,17.1,0.211,+373,0.538,0.29,0.135
8478438,T. Novak,PIT,DAL,F,DAL@PIT,2026-10-10T23:00:00Z,J. Oettinger,0.902,1.94,0.107,0.17,3,15.5,0.21,+376,0.54,0.292,0.136
8481624,I. Mikheyev,TBL,NYI,F,TBL@NYI,2026-10-10T23:30:00Z,I. Sorokin,0.898,1.6,0.129,0.0,1,16.9,0.21,+376,0.464,0.225,0.093
8482745,M. McTavish,STL,CBJ,F,CBJ@STL,2026-10-10T23:00:00Z,J. Greaves,0.901,2.33,0.111,0.11,3,13.8,0.209,+378,0.617,0.369,0.19
8485366,M. Schaefer,NYI,TBL,D,TBL@NYI,2026-10-10T23:30:00Z,A. Vasilevskiy,0.905,3.64,0.073,0.18,0,26.3,0.208,+381,0.802,0.595,0.383
8482055,D. O'Connor,VAN,NJD,F,VAN@NJD,2026-10-10T19:30:00Z,J. Allen,0.894,1.94,0.092,0.2,1,16.1,0.207,+384,0.54,0.292,0.136
8482079,M. Rossi,VAN,NJD,F,VAN@NJD,2026-10-10T19:30:00Z,J. Allen,0.894,1.25,0.108,0.36,0,17.4,0.207,+383,0.375,0.156,0.055
8475184,C. Kreider,MTL,DET,F,DET@MTL,2026-10-10T23:00:00Z,J. Gibson,0.885,1.64,0.089,0.25,1,16.8,0.206,+386,0.474,0.233,0.098
8482092,R. Greig,OTT,NSH,F,NSH@OTT,2026-10-10T23:00:00Z,J. Saros,0.9,1.86,0.095,0.06,1,17.0,0.204,+391,0.523,0.276,0.125
8475754,B. Nelson,COL,TOR,F,TOR@COL,2026-10-10T23:00:00Z,S. Bobrovsky,0.896,1.47,0.09,0.12,0,18.7,0.204,+390,0.432,0.198,0.078
8484860,M. Gridin,CGY,ANA,F,ANA@CGY,2026-10-11T02:00:00Z,L. Dostal,0.885,1.71,0.097,0.14,0,16.6,0.203,+392,0.491,0.248,0.107
8484994,I. Chernyshov,SJS,EDM,F,EDM@SJS,2026-10-10T20:00:00Z,C. Ingram,0.912,1.4,0.149,0.13,3,15.4,0.202,+394,0.415,0.185,0.071
8473533,J. Staal,CAR,CHI,F,CAR@CHI,2026-10-10T23:00:00Z,S. Knight,0.887,1.55,0.111,0.06,1,16.8,0.202,+396,0.451,0.214,0.087
8482667,W. Eklund,OTT,NSH,F,NSH@OTT,2026-10-10T23:00:00Z,J. Saros,0.9,1.78,0.106,0.13,2,15.9,0.201,+398,0.505,0.26,0.115
8478460,Z. Werenski,CBJ,STL,D,CBJ@STL,2026-10-10T23:00:00Z,J. Hofer,0.908,3.07,0.084,0.09,0,28.3,0.201,+397,0.733,0.503,0.298
8475692,M. Zuccarello,LAK,VGK,F,LAK@VGK,2026-10-11T02:00:00Z,C. Hart,0.914,1.5,0.104,0.21,0,17.7,0.201,+397,0.44,0.205,0.082
8477989,C. Dvorak,PHI,BOS,F,PHI@BOS,2026-10-10T17:00:00Z,J. Swayman,0.906,1.53,0.114,0.03,0,17.6,0.199,+402,0.448,0.212,0.085
8475168,M. Duchene,DAL,PIT,F,DAL@PIT,2026-10-10T23:00:00Z,S. Skinner,0.902,1.58,0.109,0.03,0,17.4,0.199,+403,0.46,0.222,0.091
8477476,A. Lehkonen,COL,TOR,F,TOR@COL,2026-10-10T23:00:00Z,S. Bobrovsky,0.896,1.29,0.11,0.13,2,17.4,0.198,+406,0.385,0.163,0.059
8477501,V. Nichushkin,CBJ,STL,F,CBJ@STL,2026-10-10T23:00:00Z,J. Hofer,0.908,2.14,0.092,0.07,0,15.7,0.197,+409,0.582,0.333,0.164
8482175,J. Peterka,BOS,PHI,F,PHI@BOS,2026-10-10T17:00:00Z,D. Vladar,0.902,1.86,0.103,0.14,1,15.5,0.196,+410,0.523,0.276,0.125
8480064,J. Norris,BUF,UTA,F,UTA@BUF,2026-10-10T23:00:00Z,K. Vejmelka,0.891,1.71,0.105,0.08,2,15.7,0.195,+414,0.491,0.248,0.107
8477429,A. Copp,DET,MTL,F,DET@MTL,2026-10-10T23:00:00Z,J. Dobes,0.907,1.47,0.082,0.2,0,18.5,0.195,+413,0.432,0.198,0.078
8475768,J. Schwartz,COL,TOR,F,TOR@COL,2026-10-10T23:00:00Z,S. Bobrovsky,0.896,1.45,0.121,0.2,3,15.1,0.194,+416,0.429,0.196,0.077
8475314,A. Lee,UTA,BUF,F,UTA@BUF,2026-10-10T23:00:00Z,C. Ellis,0.911,2.0,0.108,0.04,0,15.4,0.193,+418,0.553,0.305,0.144
8477402,P. Buchnevich,STL,CBJ,F,CBJ@STL,2026-10-10T23:00:00Z,J. Greaves,0.901,1.33,0.117,0.07,2,16.8,0.192,+422,0.397,0.172,0.064
8476389,V. Trocheck,UTA,BUF,F,UTA@BUF,2026-10-10T23:00:00Z,C. Ellis,0.911,1.33,0.1,0.03,1,18.6,0.191,+425,0.397,0.172,0.064
8473986,A. Killorn,ANA,CGY,F,ANA@CGY,2026-10-11T02:00:00Z,D. Wolf,0.899,1.27,0.118,0.03,1,17.4,0.191,+424,0.38,0.159,0.057
8480748,K. Sherwood,SJS,EDM,F,EDM@SJS,2026-10-10T20:00:00Z,C. Ingram,0.912,1.88,0.098,0.04,1,16.2,0.19,+426,0.528,0.281,0.128
8481618,A. Newhook,MTL,DET,F,DET@MTL,2026-10-10T23:00:00Z,J. Gibson,0.885,1.56,0.112,0.08,2,15.3,0.19,+427,0.455,0.217,0.089
8485414,B. Kindel,PIT,DAL,F,DAL@PIT,2026-10-10T23:00:00Z,J. Oettinger,0.902,1.86,0.095,0.21,2,14.9,0.19,+425,0.523,0.276,0.125
8484221,C. Ritchie,NYI,TBL,F,TBL@NYI,2026-10-10T23:30:00Z,A. Vasilevskiy,0.905,1.36,0.126,0.13,1,15.9,0.188,+433,0.404,0.177,0.066
8473512,C. Giroux,OTT,NSH,F,NSH@OTT,2026-10-10T23:00:00Z,J. Saros,0.9,1.81,0.093,0.19,0,15.4,0.187,+435,0.513,0.267,0.119
8484158,E. Cowan,TOR,COL,F,TOR@COL,2026-10-10T23:00:00Z,S. Wedgewood,0.921,1.29,0.11,0.07,1,18.0,0.187,+436,0.385,0.163,0.059
8477964,I. Barbashev,VGK,LAK,F,LAK@VGK,2026-10-11T02:00:00Z,A. Forsberg,0.914,1.71,0.105,0.05,1,16.3,0.187,+435,0.491,0.248,0.107
8483489,F. Minten,BOS,PHI,F,PHI@BOS,2026-10-10T17:00:00Z,D. Vladar,0.902,1.6,0.089,0.13,0,16.8,0.185,+442,0.464,0.225,0.093
8480185,E. Luostarinen,FLA,MIN,F,MIN@FLA,2026-10-10T22:00:00Z,J. Wallstedt,0.916,1.4,0.107,0.13,1,17.0,0.185,+440,0.415,0.185,0.071
8478020,M. Amadio,OTT,NSH,F,NSH@OTT,2026-10-10T23:00:00Z,J. Saros,0.9,1.07,0.129,0.0,3,17.0,0.185,+439,0.324,0.121,0.039
8475287,E. Haula,LAK,VGK,F,LAK@VGK,2026-10-11T02:00:00Z,C. Hart,0.914,1.62,0.116,0.03,2,15.9,0.185,+440,0.468,0.228,0.095
8480800,Q. Hughes,MIN,FLA,D,MIN@FLA,2026-10-10T22:00:00Z,D. Tarasov,0.9,2.33,0.102,0.15,3,27.9,0.184,+444,0.617,0.369,0.19
8478421,A. Greer,ANA,CGY,F,ANA@CGY,2026-10-11T02:00:00Z,D. Wolf,0.899,1.69,0.115,0.04,1,15.0,0.184,+445,0.486,0.243,0.104
8478109,V. Olofsson,VGK,LAK,F,LAK@VGK,2026-10-11T02:00:00Z,A. Forsberg,0.914,1.92,0.106,0.23,3,13.6,0.183,+446,0.536,0.288,0.133
8476872,S. Laughton,LAK,VGK,F,LAK@VGK,2026-10-11T02:00:00Z,C. Hart,0.914,2.0,0.102,0.0,0,15.3,0.183,+446,0.553,0.305,0.144
8476461,S. Couturier,PHI,BOS,F,PHI@BOS,2026-10-10T17:00:00Z,J. Swayman,0.906,1.53,0.122,0.03,2,15.2,0.181,+451,0.448,0.212,0.085
8475726,T. Toffoli,SJS,EDM,F,EDM@SJS,2026-10-10T20:00:00Z,C. Ingram,0.912,2.07,0.099,0.13,2,13.5,0.178,+463,0.566,0.318,0.153
8481601,S. Holmstrom,NYI,TBL,F,TBL@NYI,2026-10-10T23:30:00Z,A. Vasilevskiy,0.905,1.23,0.112,0.11,1,16.6,0.178,+461,0.37,0.152,0.053
8481024,L. Karlsson,VAN,NJD,F,VAN@NJD,2026-10-10T19:30:00Z,J. Allen,0.894,1.56,0.096,0.11,0,15.6,0.177,+466,0.455,0.217,0.089
8476539,J. Marchessault,NSH,OTT,F,NSH@OTT,2026-10-10T23:00:00Z,L. Ullmark,0.914,1.57,0.09,0.07,0,16.8,0.175,+472,0.457,0.219,0.09
8484911,C. Graf,SJS,EDM,F,EDM@SJS,2026-10-10T20:00:00Z,C. Ingram,0.912,1.59,0.102,0.0,2,16.0,0.174,+473,0.461,0.223,0.092
8479619,M. Carcone,UTA,BUF,F,UTA@BUF,2026-10-10T23:00:00Z,C. Ellis,0.911,2.13,0.091,0.05,1,13.9,0.173,+478,0.58,0.331,0.162
8476921,J. Martinook,CAR,CHI,F,CAR@CHI,2026-10-10T23:00:00Z,S. Knight,0.887,1.54,0.1,0.01,0,15.5,0.173,+478,0.449,0.213,0.086
8480068,R. Poehling,ANA,CGY,F,ANA@CGY,2026-10-11T02:00:00Z,D. Wolf,0.899,1.6,0.097,0.04,0,15.6,0.172,+483,0.464,0.225,0.093
8477497,S. Monahan,CBJ,STL,F,CBJ@STL,2026-10-10T23:00:00Z,J. Hofer,0.908,1.5,0.091,0.08,1,16.3,0.171,+485,0.44,0.205,0.082
8477953,K. Kapanen,EDM,SJS,F,EDM@SJS,2026-10-10T20:00:00Z,A. Nedeljkovic,0.899,1.31,0.103,0.2,1,15.3,0.17,+488,0.391,0.167,0.061
8483450,R. Greene,CHI,CAR,F,CAR@CHI,2026-10-10T23:00:00Z,B. Bussi,0.895,1.2,0.11,0.0,2,16.2,0.17,+487,0.361,0.146,0.05
8477021,A. Kerfoot,NSH,OTT,F,NSH@OTT,2026-10-10T23:00:00Z,L. Ullmark,0.914,1.0,0.14,0.04,2,15.6,0.169,+492,0.304,0.109,0.033
8483499,L. Ohgren,VAN,NJD,F,VAN@NJD,2026-10-10T19:30:00Z,J. Allen,0.894,1.12,0.102,0.1,1,16.3,0.168,+496,0.34,0.132,0.044
8481068,Y. Sharangovich,CGY,ANA,F,ANA@CGY,2026-10-11T02:00:00Z,L. Dostal,0.885,1.47,0.09,0.03,0,15.6,0.166,+502,0.432,0.198,0.078
8480220,N. Cates,PHI,BOS,F,PHI@BOS,2026-10-10T17:00:00Z,J. Swayman,0.906,1.69,0.102,0.01,0,14.6,0.164,+509,0.485,0.242,0.104
8480003,J. Boqvist,NJD,VAN,F,VAN@NJD,2026-10-10T19:30:00Z,K. Lankinen,0.884,1.36,0.101,0.0,2,15.0,0.164,+510,0.404,0.177,0.066
8484471,E. Finnie,DET,MTL,F,DET@MTL,2026-10-10T23:00:00Z,J. Dobes,0.907,1.2,0.102,0.11,1,16.0,0.163,+512,0.361,0.146,0.05
8479353,B. Howden,VGK,LAK,F,LAK@VGK,2026-10-11T02:00:00Z,A. Forsberg,0.914,1.21,0.12,0.01,1,15.7,0.163,+514,0.365,0.149,0.052
8481522,P. Krebs,BUF,UTA,F,UTA@BUF,2026-10-10T23:00:00Z,K. Vejmelka,0.891,1.43,0.108,0.0,0,14.7,0.162,+518,0.422,0.191,0.074
8484164,D. Dvorsky,STL,CBJ,F,CBJ@STL,2026-10-10T23:00:00Z,J. Greaves,0.901,1.62,0.103,0.09,1,13.8,0.162,+517,0.47,0.23,0.096
8474590,J. Carlson,TBL,NYI,D,TBL@NYI,2026-10-10T23:30:00Z,I. Sorokin,0.898,2.67,0.114,0.26,2,23.1,0.162,+516,0.674,0.432,0.238
8482476,E. Heineman,NYI,TBL,F,TBL@NYI,2026-10-10T23:30:00Z,A. Vasilevskiy,0.905,1.14,0.112,0.01,1,16.0,0.161,+521,0.345,0.135,0.045
8480802,R. McLeod,BUF,UTA,F,UTA@BUF,2026-10-10T23:00:00Z,K. Vejmelka,0.891,0.69,0.11,0.12,1,16.8,0.16,+524,0.208,0.057,0.013
8484185,N. Lardis,CHI,CAR,F,CAR@CHI,2026-10-10T23:00:00Z,B. Bussi,0.895,1.47,0.115,0.09,1,13.3,0.159,+530,0.432,0.198,0.078
8482742,Z. L'Heureux,COL,TOR,F,TOR@COL,2026-10-10T23:00:00Z,S. Bobrovsky,0.896,1.64,0.106,0.0,0,13.8,0.159,+529,0.474,0.233,0.098
8480069,C. Makar,COL,TOR,D,TOR@COL,2026-10-10T23:00:00Z,S. Bobrovsky,0.896,2.56,0.106,0.3,3,23.3,0.158,+531,0.656,0.411,0.222
8480448,P. Kelly,COL,TOR,F,TOR@COL,2026-10-10T23:00:00Z,S. Bobrovsky,0.896,1.56,0.128,0.0,1,12.4,0.157,+539,0.455,0.217,0.089
8476826,Y. Gourde,TBL,NYI,F,TBL@NYI,2026-10-10T23:30:00Z,I. Sorokin,0.898,1.38,0.085,0.0,0,16.1,0.157,+536,0.411,0.182,0.069
8475231,C. Cizikas,NYI,TBL,F,TBL@NYI,2026-10-10T23:30:00Z,A. Vasilevskiy,0.905,1.86,0.103,0.0,2,12.7,0.156,+542,0.523,0.276,0.125
8476469,J. Armia,LAK,VGK,F,LAK@VGK,2026-10-11T02:00:00Z,C. Hart,0.914,1.86,0.103,0.0,0,13.3,0.155,+543,0.523,0.276,0.125
8482737,Z. Bolduc,MTL,DET,F,DET@MTL,2026-10-10T23:00:00Z,J. Gibson,0.885,0.86,0.125,0.1,3,13.9,0.153,+555,0.261,0.083,0.023
8484829,J. Hryckowian,DAL,PIT,F,DAL@PIT,2026-10-10T23:00:00Z,S. Skinner,0.902,0.87,0.115,0.08,1,15.7,0.153,+554,0.264,0.085,0.024
8477987,R. Donato,CHI,CAR,F,CAR@CHI,2026-10-10T23:00:00Z,B. Bussi,0.895,1.47,0.098,0.09,1,13.7,0.153,+554,0.432,0.198,0.078
8481542,M. Seider,DET,MTL,D,DET@MTL,2026-10-10T23:00:00Z,J. Dobes,0.907,2.47,0.08,0.26,0,25.8,0.152,+557,0.641,0.395,0.209
8479999,C. Mittelstadt,BOS,PHI,F,PHI@BOS,2026-10-10T17:00:00Z,D. Vladar,0.902,0.86,0.116,0.14,1,15.0,0.15,+566,0.261,0.083,0.023
8482659,J. Doan,BUF,UTA,F,UTA@BUF,2026-10-10T23:00:00Z,K. Vejmelka,0.891,1.07,0.104,0.11,0,14.7,0.15,+566,0.325,0.122,0.039
8481582,N. Robertson,PIT,DAL,F,DAL@PIT,2026-10-10T23:00:00Z,J. Oettinger,0.902,1.47,0.115,0.0,1,13.2,0.15,+567,0.432,0.198,0.078
8476927,T. Blueger,TOR,COL,F,TOR@COL,2026-10-10T23:00:00Z,S. Wedgewood,0.921,1.25,0.108,0.0,0,15.4,0.15,+568,0.375,0.156,0.055
8479425,F. Hronek,VAN,NJD,D,VAN@NJD,2026-10-10T19:30:00Z,J. Allen,0.894,2.25,0.074,0.15,0,26.9,0.149,+573,0.602,0.353,0.178
8479977,K. Yamamoto,UTA,BUF,F,UTA@BUF,2026-10-10T23:00:00Z,C. Ellis,0.911,1.6,0.112,0.0,2,12.8,0.149,+572,0.464,0.225,0.093
8476419,J. Pageau,NYI,TBL,F,TBL@NYI,2026-10-10T23:30:00Z,A. Vasilevskiy,0.905,1.0,0.105,0.01,0,16.0,0.149,+573,0.304,0.109,0.033
8477456,J. Compher,DET,MTL,F,DET@MTL,2026-10-10T23:00:00Z,J. Dobes,0.907,1.08,0.096,0.0,0,16.2,0.148,+574,0.327,0.123,0.039
8480188,F. Zetterlund,OTT,NSH,F,NSH@OTT,2026-10-10T23:00:00Z,J. Saros,0.9,1.44,0.114,0.13,0,12.5,0.148,+577,0.424,0.193,0.075
8482089,J. Neighbours,STL,CBJ,F,CBJ@STL,2026-10-10T23:00:00Z,J. Greaves,0.901,1.19,0.092,0.15,0,14.9,0.148,+575,0.358,0.144,0.049
8480839,R. Dahlin,BUF,UTA,D,UTA@BUF,2026-10-10T23:00:00Z,K. Vejmelka,0.891,2.31,0.115,0.09,2,23.9,0.147,+580,0.613,0.364,0.187
8484241,M. Wood,NSH,OTT,F,NSH@OTT,2026-10-10T23:00:00Z,L. Ullmark,0.914,1.2,0.11,0.15,1,13.9,0.147,+580,0.361,0.146,0.05
8482705,C. Sillinger,CBJ,STL,F,CBJ@STL,2026-10-10T23:00:00Z,J. Hofer,0.908,1.43,0.092,0.0,0,14.9,0.147,+578,0.422,0.191,0.074
8478569,N. Acciari,PHI,BOS,F,PHI@BOS,2026-10-10T17:00:00Z,J. Swayman,0.906,1.07,0.122,0.0,1,14.2,0.145,+588,0.325,0.122,0.039
8480803,E. Bouchard,EDM,SJS,D,EDM@SJS,2026-10-10T20:00:00Z,A. Nedeljkovic,0.899,2.23,0.109,0.16,2,24.4,0.145,+588,0.598,0.35,0.176
8476479,P. Danault,MTL,DET,F,DET@MTL,2026-10-10T23:00:00Z,J. Gibson,0.885,1.27,0.092,0.04,0,14.2,0.145,+588,0.38,0.159,0.057
8478178,D. Raddysh,TOR,COL,D,TOR@COL,2026-10-10T23:00:00Z,S. Wedgewood,0.921,3.0,0.092,0.2,1,22.8,0.145,+588,0.724,0.491,0.288
8482201,G. Goncalves,TBL,NYI,F,TBL@NYI,2026-10-10T23:30:00Z,I. Sorokin,0.898,1.06,0.085,0.03,0,16.1,0.145,+591,0.322,0.12,0.038
8476458,R. Strome,CGY,ANA,F,ANA@CGY,2026-10-11T02:00:00Z,L. Dostal,0.885,1.08,0.114,0.04,0,13.8,0.145,+588,0.327,0.123,0.039
8480995,P. Holmberg,TBL,NYI,F,TBL@NYI,2026-10-10T23:30:00Z,I. Sorokin,0.898,1.45,0.103,0.04,1,12.9,0.144,+596,0.429,0.196,0.077
8477446,M. McCarron,MIN,FLA,F,MIN@FLA,2026-10-10T22:00:00Z,D. Tarasov,0.9,1.43,0.1,0.0,1,13.4,0.143,+600,0.422,0.191,0.074
8483525,D. Yurov,MIN,FLA,F,MIN@FLA,2026-10-10T22:00:00Z,D. Tarasov,0.9,1.0,0.116,0.07,3,13.6,0.143,+600,0.304,0.109,0.033
8479996,C. Glass,NJD,VAN,F,VAN@NJD,2026-10-10T19:30:00Z,K. Lankinen,0.884,0.93,0.123,0.05,1,13.1,0.141,+609,0.284,0.097,0.028
8481553,B. Brink,MIN,FLA,F,MIN@FLA,2026-10-10T22:00:00Z,D. Tarasov,0.9,1.27,0.088,0.21,0,13.6,0.141,+610,0.381,0.16,0.057
8478133,J. Evans,MTL,DET,F,DET@MTL,2026-10-10T23:00:00Z,J. Gibson,0.885,0.75,0.107,0.0,1,15.2,0.141,+611,0.227,0.066,0.017
8476873,M. Jankowski,CAR,CHI,F,CAR@CHI,2026-10-10T23:00:00Z,S. Knight,0.887,1.0,0.132,0.05,3,12.2,0.141,+607,0.304,0.109,0.033
8477426,N. Paul,TOR,COL,F,TOR@COL,2026-10-10T23:00:00Z,S. Wedgewood,0.921,1.53,0.098,0.05,1,13.5,0.141,+608,0.448,0.212,0.085
8476882,T. Teravainen,CHI,CAR,F,CAR@CHI,2026-10-10T23:00:00Z,B. Bussi,0.895,0.93,0.097,0.0,0,15.5,0.14,+616,0.283,0.096,0.028
8470621,C. Perry,LAK,VGK,F,LAK@VGK,2026-10-11T02:00:00Z,C. Hart,0.914,1.47,0.115,0.1,1,12.1,0.14,+612,0.432,0.198,0.078
8482775,O. Kapanen,MTL,DET,F,DET@MTL,2026-10-10T23:00:00Z,J. Gibson,0.885,1.23,0.103,0.0,0,13.3,0.139,+620,0.37,0.152,0.053
8474600,R. Josi,NSH,OTT,D,NSH@OTT,2026-10-10T23:00:00Z,L. Ullmark,0.914,2.31,0.092,0.1,0,25.4,0.138,+626,0.613,0.364,0.187
8481013,J. Berggren,STL,CBJ,F,CBJ@STL,2026-10-10T23:00:00Z,J. Greaves,0.901,1.07,0.096,0.02,0,14.7,0.137,+632,0.325,0.122,0.039
8476374,S. Kuraly,BOS,PHI,F,PHI@BOS,2026-10-10T17:00:00Z,D. Vladar,0.902,1.62,0.091,0.0,1,12.5,0.136,+633,0.468,0.228,0.095
8479365,T. Frederic,EDM,SJS,F,EDM@SJS,2026-10-10T20:00:00Z,A. Nedeljkovic,0.899,1.33,0.089,0.16,0,13.0,0.136,+636,0.397,0.172,0.064
8478508,Y. Trenin,MIN,FLA,F,MIN@FLA,2026-10-10T22:00:00Z,D. Tarasov,0.9,1.5,0.083,0.0,0,13.6,0.136,+637,0.44,0.205,0.082
8476981,J. Anderson,MTL,DET,F,DET@MTL,2026-10-10T23:00:00Z,J. Gibson,0.885,1.29,0.093,0.0,1,13.1,0.135,+638,0.385,0.163,0.059
8483464,M. Kasper,DET,MTL,F,DET@MTL,2026-10-10T23:00:00Z,J. Dobes,0.907,1.5,0.102,0.0,1,12.4,0.135,+643,0.44,0.205,0.082
8481725,E. Soderblom,PIT,DAL,F,DAL@PIT,2026-10-10T23:00:00Z,J. Oettinger,0.902,1.17,0.123,0.0,2,12.2,0.135,+643,0.352,0.14,0.047
8480835,J. Drury,NSH,OTT,F,NSH@OTT,2026-10-10T23:00:00Z,L. Ullmark,0.914,1.44,0.098,0.0,0,13.3,0.134,+647,0.424,0.193,0.075
8478462,N. Roy,COL,TOR,F,TOR@COL,2026-10-10T23:00:00Z,S. Bobrovsky,0.896,1.11,0.1,0.0,1,13.7,0.134,+648,0.336,0.129,0.042
8473994,J. Benn,DAL,PIT,F,DAL@PIT,2026-10-10T23:00:00Z,S. Skinner,0.902,1.0,0.104,0.07,1,13.6,0.133,+653,0.304,0.109,0.033
8480459,P. Suter,STL,CBJ,F,CBJ@STL,2026-10-10T23:00:00Z,J. Greaves,0.901,0.93,0.105,0.0,0,14.3,0.132,+659,0.284,0.097,0.028
8484142,D. Barkey,PHI,BOS,F,PHI@BOS,2026-10-10T17:00:00Z,J. Swayman,0.906,0.85,0.108,0.16,0,13.7,0.131,+665,0.257,0.082,0.022
8481711,M. Maccelli,NYI,TBL,F,TBL@NYI,2026-10-10T23:30:00Z,A. Vasilevskiy,0.905,0.93,0.088,0.28,0,13.8,0.131,+664,0.283,0.096,0.028
8477450,J. Dickinson,EDM,SJS,F,EDM@SJS,2026-10-10T20:00:00Z,A. Nedeljkovic,0.899,1.11,0.091,0.0,0,14.1,0.13,+668,0.336,0.129,0.042
8482660,K. Johnson,CBJ,STL,F,CBJ@STL,2026-10-10T23:00:00Z,J. Hofer,0.908,1.27,0.096,0.16,1,12.3,0.13,+670,0.381,0.16,0.057
8480980,C. Dewar,PIT,DAL,F,DAL@PIT,2026-10-10T23:00:00Z,J. Oettinger,0.902,1.0,0.089,0.0,0,14.6,0.128,+680,0.304,0.109,0.033
8480281,A. Toropchenko,STL,CBJ,F,CBJ@STL,2026-10-10T23:00:00Z,J. Greaves,0.901,1.5,0.093,0.0,1,11.9,0.128,+683,0.44,0.205,0.082
8485402,M. Misa,SJS,EDM,F,EDM@SJS,2026-10-10T20:00:00Z,C. Ingram,0.912,1.0,0.103,0.07,2,13.3,0.127,+688,0.304,0.109,0.033
8484938,A. Hyry,DAL,PIT,F,DAL@PIT,2026-10-10T23:00:00Z,S. Skinner,0.902,1.07,0.113,0.0,1,12.6,0.127,+685,0.325,0.122,0.039
8479705,J. Viel,TBL,NYI,F,TBL@NYI,2026-10-10T23:30:00Z,I. Sorokin,0.898,1.67,0.088,0.01,0,11.3,0.126,+693,0.48,0.238,0.101
8484136,M. Sasson,VAN,NJD,F,VAN@NJD,2026-10-10T19:30:00Z,J. Allen,0.894,1.0,0.108,0.01,0,12.7,0.125,+700,0.304,0.109,0.033
8481535,N. Hoglander,NSH,OTT,F,NSH@OTT,2026-10-10T23:00:00Z,L. Ullmark,0.914,1.08,0.123,0.06,3,11.5,0.125,+701,0.327,0.123,0.039
8476925,C. Sissons,TOR,COL,F,TOR@COL,2026-10-10T23:00:00Z,S. Wedgewood,0.921,1.14,0.095,0.0,0,14.0,0.125,+701,0.345,0.135,0.045
8475220,M. Foligno,MIN,FLA,F,MIN@FLA,2026-10-10T22:00:00Z,D. Tarasov,0.9,1.18,0.106,0.0,0,12.2,0.124,+707,0.356,0.143,0.049
8480855,J. McBain,UTA,BUF,F,UTA@BUF,2026-10-10T23:00:00Z,C. Ellis,0.911,1.0,0.111,0.0,1,12.8,0.123,+714,0.304,0.109,0.033
8474578,E. Karlsson,PIT,DAL,D,DAL@PIT,2026-10-10T23:00:00Z,J. Oettinger,0.902,2.14,0.108,0.16,0,22.8,0.123,+711,0.582,0.333,0.164
8478856,C. Garland,CBJ,STL,F,CBJ@STL,2026-10-10T23:00:00Z,J. Hofer,0.908,1.14,0.086,0.1,0,13.1,0.123,+716,0.345,0.135,0.045
8482768,F. Svechkov,COL,TOR,F,TOR@COL,2026-10-10T23:00:00Z,S. Bobrovsky,0.896,0.93,0.105,0.0,1,12.9,0.123,+714,0.284,0.097,0.028
8476878,Z. Girgensons,TBL,NYI,F,TBL@NYI,2026-10-10T23:30:00Z,I. Sorokin,0.898,0.67,0.1,0.01,0,14.5,0.122,+719,0.2,0.053,0.012
8480762,E. Robinson,CAR,CHI,F,CAR@CHI,2026-10-10T23:00:00Z,S. Knight,0.887,1.21,0.094,0.0,1,11.8,0.121,+723,0.365,0.149,0.052
8478500,I. Provorov,CBJ,STL,D,CBJ@STL,2026-10-10T23:00:00Z,J. Hofer,0.908,2.33,0.086,0.0,0,24.2,0.121,+724,0.617,0.369,0.19
8482684,L. Hughes,NJD,VAN,D,VAN@NJD,2026-10-10T19:30:00Z,K. Lankinen,0.884,2.0,0.082,0.22,0,23.5,0.12,+733,0.553,0.305,0.144
8473422,N. Foligno,MIN,FLA,F,MIN@FLA,2026-10-10T22:00:00Z,D. Tarasov,0.9,1.18,0.097,0.0,1,12.1,0.12,+731,0.356,0.143,0.049
8480355,M. Kastelic,BOS,PHI,F,PHI@BOS,2026-10-10T17:00:00Z,D. Vladar,0.902,1.07,0.112,0.0,3,11.3,0.119,+738,0.324,0.121,0.039
8482062,C. Smith,CHI,CAR,F,CAR@CHI,2026-10-10T23:00:00Z,B. Bussi,0.895,0.93,0.115,0.0,1,11.8,0.119,+740,0.283,0.096,0.028
8482177,M. Khusnutdinov,BOS,PHI,F,PHI@BOS,2026-10-10T17:00:00Z,D. Vladar,0.902,0.53,0.102,0.0,0,14.7,0.118,+744,0.155,0.035,0.007
8480074,A. Texier,MTL,DET,F,DET@MTL,2026-10-10T23:00:00Z,J. Gibson,0.885,0.78,0.093,0.12,0,12.7,0.118,+751,0.236,0.07,0.018
8476393,N. Cousins,OTT,NSH,F,NSH@OTT,2026-10-10T23:00:00Z,J. Saros,0.9,1.19,0.101,0.0,1,11.6,0.118,+746,0.358,0.144,0.049
8485512,T. Washe,ANA,CGY,F,ANA@CGY,2026-10-11T02:00:00Z,D. Wolf,0.899,0.67,0.1,0.0,1,13.9,0.118,+751,0.2,0.053,0.012
8482122,B. Faber,MIN,FLA,D,MIN@FLA,2026-10-10T22:00:00Z,D. Tarasov,0.9,1.89,0.094,0.04,0,24.6,0.117,+752,0.53,0.283,0.129
8483553,M. Gatcomb,VGK,LAK,F,LAK@VGK,2026-10-11T02:00:00Z,A. Forsberg,0.914,1.62,0.107,0.01,1,9.6,0.116,+761,0.468,0.228,0.095
8477495,S. Jones,FLA,MIN,D,MIN@FLA,2026-10-10T22:00:00Z,J. Wallstedt,0.916,1.36,0.104,0.23,2,25.2,0.115,+771,0.405,0.178,0.067
8479410,M. Sergachev,UTA,BUF,D,UTA@BUF,2026-10-10T23:00:00Z,C. Ellis,0.911,2.13,0.083,0.16,1,23.5,0.115,+770,0.58,0.331,0.162
8479336,C. Grundstrom,PHI,BOS,F,PHI@BOS,2026-10-10T17:00:00Z,J. Swayman,0.906,1.2,0.098,0.0,0,11.5,0.114,+781,0.361,0.146,0.05
8478413,J. Greenway,CHI,CAR,F,CAR@CHI,2026-10-10T23:00:00Z,B. Bussi,0.895,0.8,0.093,0.0,0,13.3,0.114,+779,0.243,0.074,0.019
8483609,A. Klapka,CGY,ANA,F,ANA@CGY,2026-10-11T02:00:00Z,L. Dostal,0.885,1.21,0.103,0.0,1,10.2,0.114,+779,0.365,0.149,0.052
8483756,J. Wright,LAK,VGK,F,LAK@VGK,2026-10-11T02:00:00Z,C. Hart,0.914,1.42,0.085,0.0,0,11.6,0.113,+787,0.419,0.188,0.072
8478831,K. Stenlund,UTA,BUF,F,UTA@BUF,2026-10-10T23:00:00Z,C. Ellis,0.911,0.8,0.089,0.0,0,13.8,0.112,+796,0.243,0.074,0.019
8481605,J. LaCombe,ANA,CGY,D,ANA@CGY,2026-10-11T02:00:00Z,D. Wolf,0.899,1.67,0.088,0.1,1,24.7,0.112,+795,0.48,0.238,0.101
8478397,R. Andersson,VGK,LAK,D,LAK@VGK,2026-10-11T02:00:00Z,A. Forsberg,0.914,2.07,0.116,0.13,1,21.6,0.112,+792,0.567,0.319,0.154
8482691,A. Räty,VAN,NJD,F,VAN@NJD,2026-10-10T19:30:00Z,J. Allen,0.894,1.06,0.094,0.01,1,11.4,0.111,+802,0.322,0.12,0.038
8482758,V. Koivunen,PIT,DAL,F,DAL@PIT,2026-10-10T23:00:00Z,J. Oettinger,0.902,0.67,0.094,0.05,0,13.4,0.111,+799,0.2,0.053,0.012
8476278,C. Blackwell,DAL,PIT,F,DAL@PIT,2026-10-10T23:00:00Z,S. Skinner,0.902,0.85,0.099,0.0,1,12.4,0.111,+802,0.257,0.082,0.022
8483457,L. Hutson,MTL,DET,D,DET@MTL,2026-10-10T23:00:00Z,J. Gibson,0.885,1.38,0.09,0.15,0,25.0,0.11,+806,0.408,0.18,0.068
8480829,J. Kotkaniemi,CAR,CHI,F,CAR@CHI,2026-10-10T23:00:00Z,S. Knight,0.887,0.62,0.095,0.04,0,12.8,0.11,+813,0.186,0.047,0.01
8479325,C. McAvoy,BOS,PHI,D,PHI@BOS,2026-10-10T17:00:00Z,D. Vladar,0.902,1.45,0.103,0.04,0,24.9,0.109,+820,0.429,0.196,0.077
8478874,A. Gaudette,SJS,EDM,F,EDM@SJS,2026-10-10T20:00:00Z,C. Ingram,0.912,1.27,0.114,0.0,0,9.9,0.109,+817,0.381,0.16,0.057
8477998,W. Foegele,OTT,NSH,F,NSH@OTT,2026-10-10T23:00:00Z,J. Saros,0.9,1.0,0.095,0.0,1,11.6,0.109,+820,0.304,0.109,0.033
8479525,R. Colton,NSH,OTT,F,NSH@OTT,2026-10-10T23:00:00Z,L. Ullmark,0.914,1.19,0.092,0.0,0,11.6,0.109,+821,0.358,0.144,0.049
8479638,J. Brazeau,PIT,DAL,F,DAL@PIT,2026-10-10T23:00:00Z,J. Oettinger,0.902,0.92,0.099,0.0,0,12.0,0.109,+815,0.279,0.094,0.027
8480840,O. Bäck,DAL,PIT,F,DAL@PIT,2026-10-10T23:00:00Z,S. Skinner,0.902,0.8,0.089,0.0,0,13.1,0.109,+819,0.243,0.074,0.019
8480336,S. Walker,CAR,CHI,D,CAR@CHI,2026-10-10T23:00:00Z,S. Knight,0.887,2.36,0.09,0.02,1,21.1,0.109,+819,0.622,0.374,0.194
8475753,J. Faulk,DET,MTL,D,DET@MTL,2026-10-10T23:00:00Z,J. Dobes,0.907,2.31,0.115,0.13,2,19.7,0.108,+823,0.613,0.364,0.187
8476462,D. Hamilton,NJD,VAN,D,VAN@NJD,2026-10-10T19:30:00Z,K. Lankinen,0.884,2.13,0.098,0.13,0,20.8,0.107,+835,0.58,0.331,0.162
8484258,S. Malinski,COL,TOR,D,TOR@COL,2026-10-10T23:00:00Z,S. Bobrovsky,0.896,2.33,0.111,0.01,1,20.1,0.107,+833,0.617,0.369,0.19
8477948,T. Sanheim,PHI,BOS,D,PHI@BOS,2026-10-10T17:00:00Z,J. Swayman,0.906,1.53,0.106,0.01,1,24.3,0.106,+841,0.448,0.212,0.085
8475848,B. Gallagher,VAN,NJD,F,VAN@NJD,2026-10-10T19:30:00Z,J. Allen,0.894,1.18,0.097,0.01,1,10.1,0.106,+839,0.356,0.143,0.049
8481606,J. Spence,OTT,NSH,D,NSH@OTT,2026-10-10T23:00:00Z,J. Saros,0.9,1.69,0.102,0.02,0,23.5,0.105,+857,0.485,0.242,0.104
8481186,L. O'Connor,COL,TOR,F,TOR@COL,2026-10-10T23:00:00Z,S. Bobrovsky,0.896,1.0,0.088,0.0,0,11.4,0.105,+855,0.304,0.109,0.033
8478046,D. Heinen,CBJ,STL,F,CBJ@STL,2026-10-10T23:00:00Z,J. Hofer,0.908,0.77,0.1,0.0,0,12.2,0.104,+861,0.233,0.069,0.018
8476292,O. Palat,NYI,TBL,F,TBL@NYI,2026-10-10T23:30:00Z,A. Vasilevskiy,0.905,0.85,0.099,0.01,1,11.5,0.104,+866,0.257,0.082,0.022
8477444,A. Burakovsky,OTT,NSH,F,NSH@OTT,2026-10-10T23:00:00Z,J. Saros,0.9,0.55,0.094,0.0,0,13.0,0.103,+875,0.159,0.036,0.007
8480817,K. Miller,CAR,CHI,D,CAR@CHI,2026-10-10T23:00:00Z,S. Knight,0.887,1.92,0.104,0.04,2,21.1,0.103,+872,0.537,0.289,0.134
8480036,M. Heiskanen,DAL,PIT,D,DAL@PIT,2026-10-10T23:00:00Z,S. Skinner,0.902,1.67,0.1,0.13,2,22.4,0.102,+880,0.48,0.238,0.101
8477478,W. Carrier,CAR,CHI,F,CAR@CHI,2026-10-10T23:00:00Z,S. Knight,0.887,1.0,0.096,0.0,0,10.3,0.102,+878,0.304,0.109,0.033
8478038,D. Toews,COL,TOR,D,TOR@COL,2026-10-10T23:00:00Z,S. Bobrovsky,0.896,1.53,0.106,0.1,2,22.5,0.102,+885,0.448,0.212,0.085
8484768,Z. Parekh,CGY,ANA,D,ANA@CGY,2026-10-11T02:00:00Z,L. Dostal,0.885,2.2,0.105,0.12,1,19.2,0.101,+890,0.593,0.344,0.171
8481641,J. Kiviranta,DAL,PIT,F,DAL@PIT,2026-10-10T23:00:00Z,S. Skinner,0.902,1.08,0.096,0.01,1,10.0,0.1,+898,0.327,0.123,0.039
8475343,N. Dowd,VGK,LAK,F,LAK@VGK,2026-10-11T02:00:00Z,A. Forsberg,0.914,0.79,0.099,0.01,0,11.7,0.1,+903,0.238,0.072,0.019
8481028,M. Pospisil,CGY,ANA,F,ANA@CGY,2026-10-11T02:00:00Z,L. Dostal,0.885,0.78,0.093,0.0,0,10.9,0.099,+912,0.236,0.07,0.018
8479661,T. Jeannot,BOS,PHI,F,PHI@BOS,2026-10-10T17:00:00Z,D. Vladar,0.902,0.71,0.1,0.0,1,11.0,0.097,+931,0.215,0.06,0.015
8481032,P. Cotter,VAN,NJD,F,VAN@NJD,2026-10-10T19:30:00Z,J. Allen,0.894,0.56,0.11,0.09,1,10.3,0.097,+928,0.165,0.039,0.008
8477498,D. Nurse,SJS,EDM,D,EDM@SJS,2026-10-10T20:00:00Z,C. Ingram,0.912,2.0,0.086,0.0,1,22.4,0.097,+935,0.553,0.305,0.144
8479359,B. Malenstyn,BUF,UTA,F,UTA@BUF,2026-10-10T23:00:00Z,K. Vejmelka,0.891,0.64,0.101,0.0,0,11.0,0.097,+932,0.192,0.05,0.011
8482859,Z. Ostapchuk,SJS,EDM,F,EDM@SJS,2026-10-10T20:00:00Z,C. Ingram,0.912,0.94,0.095,0.0,0,10.7,0.096,+945,0.286,0.098,0.029
8474189,L. Eller,FLA,MIN,F,MIN@FLA,2026-10-10T22:00:00Z,J. Wallstedt,0.916,0.64,0.11,0.01,0,11.2,0.096,+942,0.192,0.05,0.011
8482148,H. Lapierre,PIT,DAL,F,DAL@PIT,2026-10-10T23:00:00Z,J. Oettinger,0.902,0.42,0.105,0.18,0,11.0,0.096,+946,0.116,0.021,0.004
8480870,B. Groulx,TOR,COL,F,TOR@COL,2026-10-10T23:00:00Z,S. Wedgewood,0.921,0.56,0.095,0.0,0,12.8,0.096,+937,0.163,0.038,0.008
8484509,J. Samanski,EDM,SJS,F,EDM@SJS,2026-10-10T20:00:00Z,A. Nedeljkovic,0.899,0.58,0.103,0.0,1,11.0,0.095,+951,0.172,0.041,0.009
8476906,S. Gostisbehere,CAR,CHI,D,CAR@CHI,2026-10-10T23:00:00Z,S. Knight,0.887,1.92,0.104,0.3,1,18.4,0.093,+971,0.537,0.289,0.134
8477425,M. Wood,TOR,COL,F,TOR@COL,2026-10-10T23:00:00Z,S. Wedgewood,0.921,1.2,0.089,0.0,0,9.8,0.093,+975,0.361,0.146,0.05
8477447,S. Theodore,VGK,LAK,D,LAK@VGK,2026-10-11T02:00:00Z,A. Forsberg,0.914,1.93,0.094,0.17,1,20.7,0.093,+975,0.538,0.29,0.135
8481523,K. Dach,MTL,DET,F,DET@MTL,2026-10-10T23:00:00Z,J. Gibson,0.885,0.25,0.098,0.06,0,11.6,0.092,+986,0.061,0.007,0.001
8476958,J. Slavin,CAR,CHI,D,CAR@CHI,2026-10-10T23:00:00Z,S. Knight,0.887,1.58,0.092,0.0,1,21.9,0.091,+1004,0.46,0.222,0.091
8478434,K. Kolesar,DET,MTL,F,DET@MTL,2026-10-10T23:00:00Z,J. Dobes,0.907,0.57,0.093,0.0,0,11.4,0.09,+1008,0.168,0.04,0.008
8476892,C. Parayko,STL,CBJ,D,CBJ@STL,2026-10-10T23:00:00Z,J. Greaves,0.901,1.62,0.103,0.01,0,21.5,0.089,+1024,0.47,0.23,0.096
8479520,B. Duhaime,TOR,COL,F,TOR@COL,2026-10-10T23:00:00Z,S. Wedgewood,0.921,0.57,0.093,0.0,0,11.6,0.088,+1032,0.168,0.04,0.008
8481237,K. MacLean,NYI,TBL,F,TBL@NYI,2026-10-10T23:30:00Z,A. Vasilevskiy,0.905,0.75,0.094,0.0,0,10.1,0.088,+1036,0.227,0.066,0.017
8476624,B. Goodrow,SJS,EDM,F,EDM@SJS,2026-10-10T20:00:00Z,C. Ingram,0.912,0.47,0.093,0.0,0,11.5,0.087,+1053,0.134,0.027,0.005
8476885,J. Trouba,SJS,EDM,D,EDM@SJS,2026-10-10T20:00:00Z,C. Ingram,0.912,1.87,0.078,0.01,0,22.0,0.087,+1055,0.525,0.278,0.126
8477903,G. Hathaway,FLA,MIN,F,MIN@FLA,2026-10-10T22:00:00Z,J. Wallstedt,0.916,0.64,0.093,0.0,0,10.9,0.087,+1048,0.19,0.049,0.011
8478055,G. Forsling,FLA,MIN,D,MIN@FLA,2026-10-10T22:00:00Z,J. Wallstedt,0.916,1.79,0.08,0.01,0,22.5,0.087,+1043,0.507,0.262,0.116
8482671,O. Power,BUF,UTA,D,UTA@BUF,2026-10-10T23:00:00Z,K. Vejmelka,0.891,1.43,0.092,0.06,1,21.9,0.087,+1043,0.422,0.191,0.074
8480865,N. Dobson,MTL,DET,D,DET@MTL,2026-10-10T23:00:00Z,J. Gibson,0.885,1.5,0.083,0.05,0,22.1,0.087,+1050,0.44,0.205,0.082
8482733,L. Mailloux,STL,CBJ,D,CBJ@STL,2026-10-10T23:00:00Z,J. Greaves,0.901,1.69,0.098,0.0,2,20.8,0.087,+1052,0.486,0.243,0.104
8484958,M. Tsyplakov,CGY,ANA,F,ANA@CGY,2026-10-11T02:00:00Z,L. Dostal,0.885,0.67,0.094,0.04,0,9.3,0.087,+1051,0.2,0.053,0.012
8476875,M. Matheson,MTL,DET,D,DET@MTL,2026-10-10T23:00:00Z,J. Gibson,0.885,1.2,0.093,0.01,0,22.9,0.086,+1063,0.361,0.146,0.05
8482802,C. Mazur,DET,MTL,F,DET@MTL,2026-10-10T23:00:00Z,J. Dobes,0.907,0.6,0.094,0.0,0,10.5,0.086,+1065,0.178,0.044,0.009
8481598,P. Broberg,STL,CBJ,D,CBJ@STL,2026-10-10T23:00:00Z,J. Greaves,0.901,1.25,0.1,0.02,0,22.6,0.085,+1077,0.375,0.156,0.055
8481581,T. Harley,DAL,PIT,D,DAL@PIT,2026-10-10T23:00:00Z,S. Skinner,0.902,1.27,0.084,0.05,0,23.2,0.084,+1091,0.38,0.159,0.057
8482408,J. Malott,ANA,CGY,F,ANA@CGY,2026-10-11T02:00:00Z,D. Wolf,0.899,1.11,0.091,0.0,0,7.8,0.084,+1088,0.336,0.129,0.042
8478396,N. Hanifin,VGK,LAK,D,LAK@VGK,2026-10-11T02:00:00Z,A. Forsberg,0.914,1.79,0.08,0.07,0,21.6,0.084,+1086,0.507,0.262,0.116
8474563,D. Doughty,LAK,VGK,D,LAK@VGK,2026-10-11T02:00:00Z,C. Hart,0.914,1.43,0.083,0.02,0,23.2,0.084,+1092,0.422,0.191,0.074
8478472,M. Joseph,EDM,SJS,F,EDM@SJS,2026-10-10T20:00:00Z,A. Nedeljkovic,0.899,0.55,0.094,0.0,0,9.9,0.083,+1106,0.159,0.036,0.007
8479368,M. Jones,EDM,SJS,F,EDM@SJS,2026-10-10T20:00:00Z,A. Nedeljkovic,0.899,0.64,0.103,0.04,0,8.6,0.082,+1124,0.19,0.049,0.011
8481524,B. Byram,CHI,CAR,D,CAR@CHI,2026-10-10T23:00:00Z,B. Bussi,0.895,1.23,0.095,0.14,0,21.6,0.082,+1116,0.37,0.152,0.053
8483513,R. Schaefer,NSH,OTT,F,NSH@OTT,2026-10-10T23:00:00Z,L. Ullmark,0.914,0.77,0.1,0.0,0,8.9,0.081,+1128,0.233,0.069,0.018
8482142,J. Drysdale,PHI,BOS,D,PHI@BOS,2026-10-10T17:00:00Z,J. Swayman,0.906,1.2,0.093,0.23,0,21.3,0.08,+1150,0.361,0.146,0.05
8480807,M. Samuelsson,BUF,UTA,D,UTA@BUF,2026-10-10T23:00:00Z,K. Vejmelka,0.891,1.23,0.095,0.0,0,21.6,0.078,+1176,0.37,0.152,0.053
8476917,A. Pelech,NYI,TBL,D,TBL@NYI,2026-10-10T23:30:00Z,A. Vasilevskiy,0.905,1.79,0.08,0.0,0,20.5,0.078,+1186,0.507,0.262,0.116
8476869,B. Skjei,NSH,OTT,D,NSH@OTT,2026-10-10T23:00:00Z,L. Ullmark,0.914,1.07,0.103,0.0,0,22.4,0.077,+1204,0.324,0.121,0.039
8470613,B. Burns,COL,TOR,D,TOR@COL,2026-10-10T23:00:00Z,S. Bobrovsky,0.896,2.06,0.09,0.0,0,18.1,0.077,+1204,0.566,0.317,0.152
8480727,Z. Whitecloud,CGY,ANA,D,ANA@CGY,2026-10-11T02:00:00Z,L. Dostal,0.885,0.8,0.089,0.0,0,23.4,0.077,+1196,0.243,0.074,0.019
8482730,B. Clarke,LAK,VGK,D,LAK@VGK,2026-10-11T02:00:00Z,C. Hart,0.914,1.64,0.081,0.14,0,20.4,0.077,+1197,0.474,0.233,0.098
8478970,J. Chatfield,CAR,CHI,D,CAR@CHI,2026-10-10T23:00:00Z,S. Knight,0.887,1.58,0.084,0.0,0,20.0,0.076,+1220,0.46,0.222,0.091
8477346,M. Weegar,UTA,BUF,D,UTA@BUF,2026-10-10T23:00:00Z,C. Ellis,0.911,1.57,0.098,0.0,1,19.8,0.075,+1235,0.457,0.219,0.09
8476312,J. Manson,COL,TOR,D,TOR@COL,2026-10-10T23:00:00Z,S. Bobrovsky,0.896,2.08,0.087,0.0,1,17.6,0.075,+1240,0.569,0.32,0.154
8476874,O. Maatta,MIN,FLA,D,MIN@FLA,2026-10-10T22:00:00Z,D. Tarasov,0.9,0.79,0.108,0.0,0,22.4,0.074,+1243,0.238,0.072,0.019
8476931,J. McCabe,TOR,COL,D,TOR@COL,2026-10-10T23:00:00Z,S. Wedgewood,0.921,1.07,0.104,0.01,0,21.9,0.073,+1262,0.325,0.122,0.039
8476853,M. Rielly,TOR,COL,D,TOR@COL,2026-10-10T23:00:00Z,S. Wedgewood,0.921,1.43,0.1,0.05,0,20.3,0.073,+1261,0.422,0.191,0.074
8476854,H. Lindholm,BOS,PHI,D,PHI@BOS,2026-10-10T17:00:00Z,D. Vladar,0.902,1.14,0.095,0.12,0,20.5,0.072,+1291,0.345,0.135,0.045
8484798,Z. Buium,VAN,NJD,D,VAN@NJD,2026-10-10T19:30:00Z,J. Allen,0.894,0.75,0.098,0.13,1,21.5,0.072,+1295,0.227,0.066,0.017
8476902,E. Lindell,DAL,PIT,D,DAL@PIT,2026-10-10T23:00:00Z,S. Skinner,0.902,1.0,0.096,0.02,1,21.3,0.071,+1305,0.304,0.109,0.033
8483506,S. Rinzel,CHI,CAR,D,CAR@CHI,2026-10-10T23:00:00Z,B. Bussi,0.895,1.21,0.103,0.05,2,19.2,0.07,+1321,0.365,0.149,0.052
8483495,S. Nemec,CGY,ANA,D,ANA@CGY,2026-10-11T02:00:00Z,L. Dostal,0.885,1.25,0.092,0.02,0,19.7,0.07,+1337,0.375,0.156,0.055
8481546,C. York,PHI,BOS,D,PHI@BOS,2026-10-10T17:00:00Z,J. Swayman,0.906,1.0,0.087,0.05,0,21.5,0.069,+1360,0.304,0.109,0.033
8482095,T. Kleven,OTT,NSH,D,NSH@OTT,2026-10-10T23:00:00Z,J. Saros,0.9,1.11,0.091,0.0,0,21.0,0.069,+1341,0.336,0.129,0.042
8483485,D. Mateychuk,CBJ,STL,D,CBJ@STL,2026-10-10T23:00:00Z,J. Hofer,0.908,1.43,0.1,0.04,0,19.1,0.069,+1349,0.422,0.191,0.074
8476967,B. Kulak,COL,TOR,D,TOR@COL,2026-10-10T23:00:00Z,S. Bobrovsky,0.896,1.38,0.082,0.0,0,20.2,0.069,+1340,0.408,0.18,0.068
8482726,S. Helenius,LAK,VGK,F,LAK@VGK,2026-10-11T02:00:00Z,C. Hart,0.914,0.64,0.103,0.0,0,7.0,0.069,+1344,0.19,0.049,0.011
8477499,R. Ristolainen,PHI,BOS,D,PHI@BOS,2026-10-10T17:00:00Z,J. Swayman,0.906,0.92,0.089,0.0,0,21.9,0.068,+1370,0.281,0.095,0.027
8476463,J. Brodin,MIN,FLA,D,MIN@FLA,2026-10-10T22:00:00Z,D. Tarasov,0.9,1.62,0.091,0.0,0,18.5,0.068,+1365,0.468,0.228,0.095
8477149,S. Sabourin,TBL,NYI,F,TBL@NYI,2026-10-10T23:30:00Z,I. Sorokin,0.898,0.25,0.098,0.0,0,8.2,0.068,+1366,0.061,0.007,0.001
8477507,N. Zadorov,BOS,PHI,D,PHI@BOS,2026-10-10T17:00:00Z,D. Vladar,0.902,1.47,0.082,0.0,0,19.6,0.067,+1384,0.432,0.198,0.078
8480426,C. D'Astous,TBL,NYI,D,TBL@NYI,2026-10-10T23:30:00Z,I. Sorokin,0.898,1.44,0.106,0.08,1,17.4,0.067,+1396,0.424,0.193,0.075
8475188,B. McNabb,VGK,LAK,D,LAK@VGK,2026-10-11T02:00:00Z,A. Forsberg,0.914,1.43,0.092,0.0,0,19.7,0.067,+1383,0.422,0.191,0.074
8475200,D. Orlov,SJS,EDM,D,EDM@SJS,2026-10-10T20:00:00Z,C. Ingram,0.912,1.29,0.082,0.05,0,20.3,0.066,+1406,0.387,0.164,0.06
8483398,D. Carlile,PIT,DAL,D,DAL@PIT,2026-10-10T23:00:00Z,J. Oettinger,0.902,1.38,0.108,0.0,2,17.8,0.066,+1416,0.408,0.18,0.068
8475764,C. Fowler,STL,CBJ,D,CBJ@STL,2026-10-10T23:00:00Z,J. Greaves,0.901,0.75,0.107,0.06,0,20.6,0.066,+1423,0.227,0.066,0.017
8484240,T. Willander,VAN,NJD,D,VAN@NJD,2026-10-10T19:30:00Z,J. Allen,0.894,0.81,0.097,0.09,0,20.2,0.065,+1447,0.247,0.076,0.02
8481568,A. Vlasic,CHI,CAR,D,CAR@CHI,2026-10-10T23:00:00Z,B. Bussi,0.895,1.07,0.086,0.0,0,20.5,0.065,+1430,0.324,0.121,0.039
8476441,J. Edmundson,LAK,VGK,D,LAK@VGK,2026-10-11T02:00:00Z,C. Hart,0.914,1.86,0.079,0.0,0,17.9,0.065,+1448,0.523,0.276,0.125
8481806,L. Crevier,BUF,UTA,D,UTA@BUF,2026-10-10T23:00:00Z,K. Vejmelka,0.891,1.13,0.103,0.0,2,18.3,0.063,+1476,0.343,0.133,0.044
8477950,T. DeAngelo,NYI,TBL,D,TBL@NYI,2026-10-10T23:30:00Z,A. Vasilevskiy,0.905,1.62,0.088,0.1,0,17.3,0.063,+1476,0.47,0.23,0.096
8479369,A. Peeke,UTA,BUF,D,UTA@BUF,2026-10-10T23:00:00Z,C. Ellis,0.911,1.33,0.1,0.0,1,18.2,0.062,+1505,0.397,0.172,0.064
8482176,W. Kaiser,CHI,CAR,D,CAR@CHI,2026-10-10T23:00:00Z,B. Bussi,0.895,0.8,0.089,0.01,0,20.7,0.062,+1518,0.243,0.074,0.019
8482655,J. Moser,TBL,NYI,D,TBL@NYI,2026-10-10T23:30:00Z,I. Sorokin,0.898,1.07,0.086,0.0,0,19.9,0.062,+1510,0.324,0.121,0.039
8476473,C. Murphy,EDM,SJS,D,EDM@SJS,2026-10-10T20:00:00Z,A. Nedeljkovic,0.899,0.77,0.091,0.0,0,20.8,0.061,+1532,0.233,0.069,0.018
8478854,R. Shea,EDM,SJS,D,EDM@SJS,2026-10-10T20:00:00Z,A. Nedeljkovic,0.899,0.77,0.109,0.07,0,19.2,0.061,+1539,0.233,0.069,0.018
8471724,K. Letang,PIT,DAL,D,DAL@PIT,2026-10-10T23:00:00Z,J. Oettinger,0.902,1.0,0.088,0.08,0,19.5,0.061,+1542,0.304,0.109,0.033
8475218,M. Ekholm,EDM,SJS,D,EDM@SJS,2026-10-10T20:00:00Z,A. Nedeljkovic,0.899,0.92,0.089,0.0,0,20.0,0.06,+1556,0.281,0.095,0.027
8482166,S. Mukhamadullin,EDM,SJS,D,EDM@SJS,2026-10-10T20:00:00Z,A. Nedeljkovic,0.899,1.23,0.095,0.0,1,18.1,0.06,+1561,0.37,0.152,0.053
8474716,J. Spurgeon,MIN,FLA,D,MIN@FLA,2026-10-10T22:00:00Z,D. Tarasov,0.9,1.0,0.099,0.04,1,18.6,0.06,+1560,0.304,0.109,0.033
8482087,K. Guhle,MTL,DET,D,DET@MTL,2026-10-10T23:00:00Z,J. Gibson,0.885,0.9,0.092,0.0,0,19.3,0.06,+1566,0.274,0.091,0.026
8484759,C. Yakemchuk,OTT,NSH,D,NSH@OTT,2026-10-10T23:00:00Z,J. Saros,0.9,1.38,0.108,0.22,1,15.3,0.06,+1565,0.408,0.18,0.068
8477506,R. Pulock,NYI,TBL,D,TBL@NYI,2026-10-10T23:30:00Z,A. Vasilevskiy,0.905,1.17,0.088,0.01,0,19.2,0.06,+1556,0.352,0.14,0.047
8483490,P. Mintyukov,ANA,CGY,D,ANA@CGY,2026-10-11T02:00:00Z,D. Wolf,0.899,1.09,0.089,0.03,0,18.9,0.06,+1573,0.331,0.125,0.041
8478013,J. Walman,EDM,SJS,D,EDM@SJS,2026-10-10T20:00:00Z,A. Nedeljkovic,0.899,1.54,0.083,0.13,0,16.5,0.059,+1604,0.449,0.213,0.086
8478443,B. Carlo,STL,CBJ,D,CBJ@STL,2026-10-10T23:00:00Z,J. Greaves,0.901,1.2,0.089,0.0,0,18.5,0.059,+1590,0.361,0.146,0.05
8478416,E. Cernak,TBL,NYI,D,TBL@NYI,2026-10-10T23:30:00Z,I. Sorokin,0.898,1.31,0.099,0.0,1,17.2,0.059,+1581,0.392,0.168,0.061
8479998,M. Anderson,LAK,VGK,D,LAK@VGK,2026-10-11T02:00:00Z,C. Hart,0.914,0.79,0.09,0.0,0,20.9,0.059,+1585,0.238,0.072,0.019
8477220,N. Schmidt,UTA,BUF,D,UTA@BUF,2026-10-10T23:00:00Z,C. Ellis,0.911,1.13,0.085,0.0,0,19.2,0.058,+1625,0.343,0.133,0.044
8475279,B. Chiarot,DET,MTL,D,DET@MTL,2026-10-10T23:00:00Z,J. Dobes,0.907,1.07,0.086,0.0,0,19.3,0.058,+1616,0.324,0.121,0.039
8482929,E. Lilleberg,TBL,NYI,D,TBL@NYI,2026-10-10T23:30:00Z,I. Sorokin,0.898,1.0,0.105,0.0,1,18.0,0.058,+1614,0.304,0.109,0.033
8482511,M. Lohrei,BOS,PHI,D,PHI@BOS,2026-10-10T17:00:00Z,D. Vladar,0.902,1.0,0.099,0.11,1,17.4,0.057,+1667,0.304,0.109,0.033
8478450,P. Wotherspoon,VGK,LAK,D,LAK@VGK,2026-10-11T02:00:00Z,A. Forsberg,0.914,1.0,0.088,0.0,0,19.5,0.057,+1651,0.304,0.109,0.033
8480860,K. Bahl,CGY,ANA,D,ANA@CGY,2026-10-11T02:00:00Z,L. Dostal,0.885,0.1,0.109,0.0,1,20.7,0.056,+1683,0.017,0.001,0.001
8481122,S. Benoit,PHI,BOS,D,PHI@BOS,2026-10-10T17:00:00Z,J. Swayman,0.906,1.38,0.085,0.0,0,17.1,0.055,+1730,0.411,0.182,0.069
8478399,J. Siegenthaler,NJD,VAN,D,VAN@NJD,2026-10-10T19:30:00Z,K. Lankinen,0.884,0.67,0.091,0.0,0,19.3,0.055,+1702,0.2,0.053,0.012
8475179,D. Kulikov,FLA,MIN,D,MIN@FLA,2026-10-10T22:00:00Z,J. Wallstedt,0.916,1.0,0.092,0.0,0,18.5,0.054,+1762,0.304,0.109,0.033
8479398,S. Girard,PIT,DAL,D,DAL@PIT,2026-10-10T23:00:00Z,J. Oettinger,0.902,0.67,0.1,0.0,1,18.9,0.054,+1743,0.2,0.053,0.012
8477845,T. van Riemsdyk,PIT,DAL,D,DAL@PIT,2026-10-10T23:00:00Z,J. Oettinger,0.902,0.73,0.099,0.0,0,18.8,0.054,+1749,0.221,0.063,0.016
8484188,T. Lindstein,STL,CBJ,D,CBJ@STL,2026-10-10T23:00:00Z,J. Greaves,0.901,1.15,0.104,0.0,1,16.2,0.053,+1775,0.348,0.137,0.046
8477365,C. Clifton,BOS,PHI,D,PHI@BOS,2026-10-10T17:00:00Z,D. Vladar,0.902,0.86,0.089,0.0,0,18.3,0.052,+1820,0.261,0.083,0.023
8480192,J. Kovacevic,NJD,VAN,D,VAN@NJD,2026-10-10T19:30:00Z,K. Lankinen,0.884,0.46,0.094,0.0,0,19.1,0.052,+1825,0.131,0.026,0.005
8484321,N. Matinpalo,OTT,NSH,D,NSH@OTT,2026-10-10T23:00:00Z,J. Saros,0.9,0.94,0.087,0.0,0,18.0,0.052,+1829,0.285,0.097,0.028
8482482,A. Wilsby,NSH,OTT,D,NSH@OTT,2026-10-10T23:00:00Z,L. Ullmark,0.914,1.0,0.087,0.0,0,18.2,0.052,+1831,0.304,0.109,0.033
8474013,I. Cole,CHI,CAR,D,CAR@CHI,2026-10-10T23:00:00Z,B. Bussi,0.895,0.93,0.088,0.0,0,17.8,0.052,+1817,0.283,0.096,0.028
8478136,J. Middleton,CGY,ANA,D,ANA@CGY,2026-10-11T02:00:00Z,L. Dostal,0.885,0.86,0.098,0.0,0,17.1,0.052,+1824,0.261,0.083,0.023
8482731,T. Hinds,ANA,CGY,D,ANA@CGY,2026-10-11T02:00:00Z,D. Wolf,0.899,1.67,0.087,0.0,0,14.9,0.052,+1807,0.48,0.238,0.101
8478468,J. Lauzon,VGK,LAK,D,LAK@VGK,2026-10-11T02:00:00Z,A. Forsberg,0.914,1.36,0.092,0.01,0,16.4,0.052,+1818,0.404,0.177,0.066
8479980,N. Hague,NSH,OTT,D,NSH@OTT,2026-10-10T23:00:00Z,L. Ullmark,0.914,0.89,0.093,0.0,0,18.1,0.051,+1868,0.27,0.089,0.025
8480246,N. Perbix,NSH,OTT,D,NSH@OTT,2026-10-10T23:00:00Z,L. Ullmark,0.914,0.93,0.088,0.0,0,18.4,0.051,+1844,0.284,0.097,0.028
8481219,J. Aspirot,BOS,PHI,D,PHI@BOS,2026-10-10T17:00:00Z,D. Vladar,0.902,1.0,0.088,0.0,0,17.2,0.05,+1907,0.304,0.109,0.033
8484806,S. Dickinson,SJS,EDM,D,EDM@SJS,2026-10-10T20:00:00Z,C. Ingram,0.912,0.94,0.087,0.0,0,18.0,0.05,+1903,0.285,0.097,0.028
8478507,J. Marino,UTA,BUF,D,UTA@BUF,2026-10-10T23:00:00Z,C. Ellis,0.911,0.46,0.094,0.07,0,19.1,0.05,+1905,0.131,0.026,0.005
8475790,E. Gudbranson,CBJ,STL,D,CBJ@STL,2026-10-10T23:00:00Z,J. Hofer,0.908,0.79,0.09,0.0,0,17.9,0.049,+1961,0.238,0.072,0.019
8479371,D. Fabbro,CBJ,STL,D,CBJ@STL,2026-10-10T23:00:00Z,J. Hofer,0.908,0.67,0.093,0.0,0,18.2,0.048,+1965,0.2,0.053,0.012
8479442,T. Stecher,TOR,COL,D,TOR@COL,2026-10-10T23:00:00Z,S. Wedgewood,0.921,0.67,0.093,0.0,0,18.5,0.048,+1998,0.2,0.053,0.012
8476372,N. Seeler,PHI,BOS,D,PHI@BOS,2026-10-10T17:00:00Z,J. Swayman,0.906,0.81,0.106,0.0,0,16.3,0.047,+2022,0.247,0.076,0.02
8475455,B. Dillon,NJD,VAN,D,VAN@NJD,2026-10-10T19:30:00Z,K. Lankinen,0.884,0.53,0.093,0.0,0,17.6,0.047,+2017,0.155,0.035,0.007
8474151,R. McDonagh,TBL,NYI,D,TBL@NYI,2026-10-10T23:30:00Z,I. Sorokin,0.898,0.47,0.093,0.01,0,18.4,0.047,+2005,0.133,0.027,0.005
8476467,J. Oleksiak,VAN,NJD,D,VAN@NJD,2026-10-10T19:30:00Z,J. Allen,0.894,1.07,0.087,0.0,0,15.6,0.046,+2069,0.325,0.122,0.039
8480878,N. Lundkvist,DAL,PIT,D,DAL@PIT,2026-10-10T23:00:00Z,S. Skinner,0.902,0.75,0.092,0.0,0,16.9,0.046,+2087,0.227,0.066,0.017
8474574,T. Myers,DAL,PIT,D,DAL@PIT,2026-10-10T23:00:00Z,S. Skinner,0.902,0.58,0.093,0.0,0,17.8,0.046,+2052,0.172,0.041,0.009
8479378,L. Stanley,NYI,TBL,D,TBL@NYI,2026-10-10T23:30:00Z,A. Vasilevskiy,0.905,1.08,0.088,0.0,0,15.9,0.046,+2073,0.327,0.123,0.039
8483678,E. Pettersson,VAN,NJD,D,VAN@NJD,2026-10-10T19:30:00Z,J. Allen,0.894,0.71,0.109,0.01,2,15.1,0.045,+2127,0.215,0.06,0.015
8481607,A. Johansson,DET,MTL,D,DET@MTL,2026-10-10T23:00:00Z,J. Dobes,0.907,1.2,0.093,0.0,0,14.8,0.045,+2119,0.361,0.146,0.05
8476422,M. Reilly,CAR,CHI,D,CAR@CHI,2026-10-10T23:00:00Z,S. Knight,0.887,1.25,0.091,0.0,0,13.8,0.045,+2145,0.375,0.156,0.055
8482111,J. Barron,STL,CBJ,D,CBJ@STL,2026-10-10T23:00:00Z,J. Greaves,0.901,0.64,0.093,0.0,0,17.0,0.045,+2132,0.19,0.049,0.011
8483565,N. Blankenburg,TOR,COL,D,TOR@COL,2026-10-10T23:00:00Z,S. Wedgewood,0.921,1.44,0.106,0.0,2,13.0,0.045,+2142,0.426,0.194,0.075
8475171,O. Ekman-Larsson,TOR,COL,D,TOR@COL,2026-10-10T23:00:00Z,S. Wedgewood,0.921,0.62,0.093,0.02,0,18.0,0.045,+2099,0.183,0.046,0.01
8483425,L. Bichsel,DAL,PIT,D,DAL@PIT,2026-10-10T23:00:00Z,S. Skinner,0.902,0.64,0.101,0.0,0,16.3,0.044,+2168,0.192,0.05,0.011
8482807,E. Del Mastro,CHI,CAR,D,CAR@CHI,2026-10-10T23:00:00Z,B. Bussi,0.895,1.0,0.089,0.0,0,15.3,0.044,+2152,0.304,0.109,0.033
8478840,W. Borgen,BOS,PHI,D,PHI@BOS,2026-10-10T17:00:00Z,D. Vladar,0.902,0.36,0.095,0.0,0,17.5,0.043,+2246,0.096,0.016,0.002
8477369,C. Soucy,CBJ,STL,D,CBJ@STL,2026-10-10T23:00:00Z,J. Hofer,0.908,0.54,0.093,0.0,0,17.0,0.043,+2246,0.157,0.035,0.007
8476879,C. Ceci,LAK,VGK,D,LAK@VGK,2026-10-11T02:00:00Z,C. Hart,0.914,0.57,0.093,0.0,0,17.3,0.043,+2216,0.168,0.04,0.008
8481006,T. Tucker,STL,CBJ,D,CBJ@STL,2026-10-10T23:00:00Z,J. Greaves,0.901,0.75,0.094,0.0,0,15.6,0.042,+2271,0.227,0.066,0.017
8481593,J. Struble,NSH,OTT,D,NSH@OTT,2026-10-10T23:00:00Z,L. Ullmark,0.914,0.8,0.107,0.0,0,14.8,0.041,+2326,0.243,0.074,0.019
8483466,K. Korchinski,CHI,CAR,D,CAR@CHI,2026-10-10T23:00:00Z,B. Bussi,0.895,0.6,0.094,0.02,0,14.2,0.037,+2607,0.178,0.044,0.009
8482803,O. Zellweger,BUF,UTA,D,UTA@BUF,2026-10-10T23:00:00Z,K. Vejmelka,0.891,0.5,0.095,0.02,0,14.1,0.036,+2666,0.144,0.031,0.006
8480075,C. Crotty,OTT,NSH,D,NSH@OTT,2026-10-10T23:00:00Z,J. Saros,0.9,0.62,0.095,0.0,0,13.9,0.036,+2686,0.186,0.047,0.01
8476429,S. Mayfield,NYI,TBL,D,TBL@NYI,2026-10-10T23:30:00Z,A. Vasilevskiy,0.905,0.58,0.093,0.0,0,14.3,0.036,+2717,0.172,0.041,0.009
8480834,T. Emberson,EDM,SJS,D,EDM@SJS,2026-10-10T20:00:00Z,A. Nedeljkovic,0.899,0.62,0.093,0.0,0,13.7,0.035,+2777,0.183,0.046,0.01
8484305,Z. Metsa,BUF,UTA,D,UTA@BUF,2026-10-10T23:00:00Z,K. Vejmelka,0.891,0.38,0.097,0.0,0,14.0,0.035,+2797,0.102,0.017,0.003
8481527,K. Korczak,PIT,DAL,D,DAL@PIT,2026-10-10T23:00:00Z,J. Oettinger,0.902,0.58,0.093,0.0,0,14.0,0.035,+2741,0.172,0.041,0.009
8475208,B. Dumoulin,LAK,VGK,D,LAK@VGK,2026-10-11T02:00:00Z,C. Hart,0.914,0.14,0.098,0.0,0,16.1,0.035,+2761,0.028,0.002,0.001
8480950,I. Lyubushkin,NSH,OTT,D,NSH@OTT,2026-10-10T23:00:00Z,L. Ullmark,0.914,0.38,0.097,0.0,0,14.6,0.034,+2876,0.102,0.017,0.003
8480879,J. Bernard-Docker,DET,MTL,D,DET@MTL,2026-10-10T23:00:00Z,J. Dobes,0.907,0.44,0.106,0.0,0,13.1,0.033,+2957,0.125,0.024,0.004
8482126,E. Andrae,CBJ,STL,D,CBJ@STL,2026-10-10T23:00:00Z,J. Hofer,0.908,0.54,0.093,0.0,0,13.3,0.032,+2991,0.157,0.035,0.007
8482964,A. Xhekaj,MTL,DET,D,DET@MTL,2026-10-10T23:00:00Z,J. Gibson,0.885,0.46,0.094,0.01,0,12.1,0.031,+3127,0.131,0.026,0.005
8482178,I. Moore,ANA,CGY,D,ANA@CGY,2026-10-11T02:00:00Z,D. Wolf,0.899,0.75,0.092,0.0,0,11.4,0.031,+3162,0.227,0.066,0.017
